date,timestamp,resp_value
2026-02-16,1771202580000,18.0
2026-02-16,1771202640000,17.0
2026-02-16,1771202760000,16.0
2026-02-16,1771202880000,17.0
2026-02-16,1771203000000,20.0
2026-02-16,1771203120000,20.0
2026-02-16,1771203240000,18.0
2026-02-16,1771203360000,17.0
2026-02-16,1771203480000,17.0
2026-02-16,1771203600000,17.0
2026-02-16,1771203720000,19.0
2026-02-16,1771203840000,17.0
2026-02-16,1771203960000,16.0
2026-02-16,1771204080000,16.0
2026-02-16,1771204200000,16.0
2026-02-16,1771204320000,15.0
2026-02-16,1771204440000,15.0
2026-02-16,1771204560000,16.0
2026-02-16,1771204680000,16.0
2026-02-16,1771204800000,15.0
2026-02-16,1771204920000,15.0
2026-02-16,1771205040000,15.0
2026-02-16,1771205160000,15.0
2026-02-16,1771205280000,15.0
2026-02-16,1771205400000,14.0
2026-02-16,1771205520000,15.0
2026-02-16,1771205640000,14.0
2026-02-16,1771205760000,14.0
2026-02-16,1771205880000,15.0
2026-02-16,1771206000000,17.0
2026-02-16,1771206120000,17.0
2026-02-16,1771206240000,18.0
2026-02-16,1771206360000,17.0
2026-02-16,1771206480000,18.0
2026-02-16,1771206600000,18.0
2026-02-16,1771206720000,16.0
2026-02-16,1771206840000,17.0
2026-02-16,1771206960000,17.0
2026-02-16,1771207080000,15.0
2026-02-16,1771207200000,15.0
2026-02-16,1771207320000,14.0
2026-02-16,1771207440000,15.0
2026-02-16,1771207560000,15.0
2026-02-16,1771207680000,14.0
2026-02-16,1771207800000,14.0
2026-02-16,1771207920000,15.0
2026-02-16,1771208040000,16.0
2026-02-16,1771208160000,16.0
2026-02-16,1771208280000,13.0
2026-02-16,1771208400000,15.0
2026-02-16,1771208520000,14.0
2026-02-16,1771208640000,15.0
2026-02-16,1771208760000,15.0
2026-02-16,1771208880000,14.0
2026-02-16,1771209000000,15.0
2026-02-16,1771209120000,15.0
2026-02-16,1771209240000,14.0
2026-02-16,1771209360000,15.0
2026-02-16,1771209480000,14.0
2026-02-16,1771209600000,14.0
2026-02-16,1771209720000,15.0
2026-02-16,1771209840000,15.0
2026-02-16,1771209960000,15.0
2026-02-16,1771210080000,13.0
2026-02-16,1771210200000,14.0
2026-02-16,1771210320000,17.0
2026-02-16,1771210440000,17.0
2026-02-16,1771210560000,17.0
2026-02-16,1771210680000,18.0
2026-02-16,1771210800000,18.0
2026-02-16,1771210920000,19.0
2026-02-16,1771211040000,20.0
2026-02-16,1771211160000,18.0
2026-02-16,1771211280000,15.0
2026-02-16,1771211400000,14.0
2026-02-16,1771211520000,15.0
2026-02-16,1771211640000,16.0
2026-02-16,1771211760000,15.0
2026-02-16,1771211880000,14.0
2026-02-16,1771212000000,15.0
2026-02-16,1771212120000,14.0
2026-02-16,1771212240000,14.0
2026-02-16,1771212360000,14.0
2026-02-16,1771212480000,15.0
2026-02-16,1771212600000,15.0
2026-02-16,1771212720000,15.0
2026-02-16,1771212840000,14.0
2026-02-16,1771212960000,15.0
2026-02-16,1771213080000,14.0
2026-02-16,1771213200000,14.0
2026-02-16,1771213320000,15.0
2026-02-16,1771213440000,15.0
2026-02-16,1771213560000,15.0
2026-02-16,1771213680000,15.0
2026-02-16,1771213800000,15.0
2026-02-16,1771213920000,15.0
2026-02-16,1771214040000,15.0
2026-02-16,1771214160000,15.0
2026-02-16,1771214280000,15.0
2026-02-16,1771214400000,15.0
2026-02-16,1771214520000,15.0
2026-02-16,1771214640000,15.0
2026-02-16,1771214760000,15.0
2026-02-16,1771214880000,15.0
2026-02-16,1771215000000,14.0
2026-02-16,1771215120000,14.0
2026-02-16,1771215240000,14.0
2026-02-16,1771215360000,14.0
2026-02-16,1771215480000,15.0
2026-02-16,1771215600000,18.0
2026-02-16,1771215720000,18.0
2026-02-16,1771215840000,20.0
2026-02-16,1771215960000,20.0
2026-02-16,1771216080000,20.0
2026-02-16,1771216200000,21.0
2026-02-16,1771216320000,19.0
2026-02-16,1771216440000,18.0
2026-02-16,1771216560000,17.0
2026-02-16,1771216680000,18.0
2026-02-16,1771216800000,16.0
2026-02-16,1771216920000,19.0
2026-02-16,1771217040000,20.0
2026-02-16,1771217160000,19.0
2026-02-16,1771217280000,20.0
2026-02-16,1771217400000,20.0
2026-02-16,1771217520000,17.0
2026-02-16,1771217640000,17.0
2026-02-16,1771217760000,16.0
2026-02-16,1771217880000,16.0
2026-02-16,1771218000000,17.0
2026-02-16,1771218120000,15.0
2026-02-16,1771218240000,16.0
2026-02-16,1771218360000,17.0
2026-02-16,1771218480000,18.0
2026-02-16,1771218600000,17.0
2026-02-16,1771218720000,16.0
2026-02-16,1771218840000,18.0
2026-02-16,1771218960000,14.0
2026-02-16,1771219080000,14.0
2026-02-16,1771219200000,15.0
2026-02-16,1771219320000,14.0
2026-02-16,1771219440000,13.0
2026-02-16,1771219560000,14.0
2026-02-16,1771219680000,13.0
2026-02-16,1771219800000,14.0
2026-02-16,1771219920000,14.0
2026-02-16,1771220040000,15.0
2026-02-16,1771220160000,15.0
2026-02-16,1771220280000,14.0
2026-02-16,1771220400000,14.0
2026-02-16,1771220520000,13.0
2026-02-16,1771220640000,13.0
2026-02-16,1771220760000,14.0
2026-02-16,1771220880000,16.0
2026-02-16,1771221000000,14.0
2026-02-16,1771221120000,14.0
2026-02-16,1771221240000,14.0
2026-02-16,1771221360000,14.0
2026-02-16,1771221480000,17.0
2026-02-16,1771221600000,16.0
2026-02-16,1771221720000,16.0
2026-02-16,1771221840000,16.0
2026-02-16,1771221960000,17.0
2026-02-16,1771222080000,16.0
2026-02-16,1771222200000,16.0
2026-02-16,1771222320000,18.0
2026-02-16,1771222440000,16.0
2026-02-16,1771222560000,17.0
2026-02-16,1771222680000,18.0
2026-02-16,1771222800000,18.0
2026-02-16,1771222920000,17.0
2026-02-16,1771223040000,16.0
2026-02-16,1771223160000,15.0
2026-02-16,1771223280000,18.0
2026-02-16,1771223400000,14.0
2026-02-16,1771223520000,15.0
2026-02-16,1771223640000,13.0
2026-02-16,1771223760000,15.0
2026-02-16,1771223880000,14.0
2026-02-16,1771224000000,16.0
2026-02-16,1771224120000,16.0
2026-02-16,1771224240000,14.0
2026-02-16,1771224360000,13.0
2026-02-16,1771224480000,15.0
2026-02-16,1771224600000,15.0
2026-02-16,1771224720000,14.0
2026-02-16,1771224840000,15.0
2026-02-16,1771224960000,15.0
2026-02-16,1771225080000,14.0
2026-02-16,1771225200000,14.0
2026-02-16,1771225320000,13.0
2026-02-16,1771225440000,14.0
2026-02-16,1771225560000,15.0
2026-02-16,1771225680000,14.0
2026-02-16,1771225800000,13.0
2026-02-16,1771225920000,15.0
2026-02-16,1771226040000,14.0
2026-02-16,1771226160000,14.0
2026-02-16,1771226280000,14.0
2026-02-16,1771226400000,13.0
2026-02-16,1771226520000,13.0
2026-02-16,1771226640000,12.0
2026-02-16,1771226760000,14.0
2026-02-17,1771282177000,19.0
2026-02-17,1771282200000,20.0
2026-02-17,1771282320000,18.0
2026-02-17,1771282440000,19.0
2026-02-17,1771282560000,20.0
2026-02-17,1771282680000,18.0
2026-02-17,1771282800000,16.0
2026-02-17,1771282920000,17.0
2026-02-17,1771283040000,22.0
2026-02-17,1771283160000,18.0
2026-02-17,1771283280000,11.0
2026-02-17,1771283400000,14.0
2026-02-17,1771283520000,17.0
2026-02-17,1771283640000,15.0
2026-02-17,1771283760000,16.0
2026-02-17,1771283880000,16.0
2026-02-17,1771284000000,20.0
2026-02-17,1771284120000,19.0
2026-02-17,1771284240000,18.0
2026-02-17,1771284360000,18.0
2026-02-17,1771284480000,18.0
2026-02-17,1771284600000,16.0
2026-02-17,1771284720000,17.0
2026-02-17,1771284840000,20.0
2026-02-17,1771284960000,20.0
2026-02-17,1771285080000,20.0
2026-02-17,1771285200000,18.0
2026-02-17,1771285320000,16.0
2026-02-17,1771285440000,17.0
2026-02-17,1771285560000,15.0
2026-02-17,1771285680000,16.0
2026-02-17,1771285800000,18.0
2026-02-17,1771285920000,16.0
2026-02-17,1771286040000,17.0
2026-02-17,1771286160000,17.0
2026-02-17,1771286280000,16.0
2026-02-17,1771286400000,17.0
2026-02-17,1771286520000,15.0
2026-02-17,1771286640000,16.0
2026-02-17,1771286760000,14.0
2026-02-17,1771286880000,14.0
2026-02-17,1771287000000,16.0
2026-02-17,1771287120000,15.0
2026-02-17,1771287240000,15.0
2026-02-17,1771287360000,14.0
2026-02-17,1771287480000,15.0
2026-02-17,1771287600000,15.0
2026-02-17,1771287720000,15.0
2026-02-17,1771287840000,16.0
2026-02-17,1771287960000,15.0
2026-02-17,1771288080000,14.0
2026-02-17,1771288200000,15.0
2026-02-17,1771288320000,16.0
2026-02-17,1771288440000,15.0
2026-02-17,1771288560000,15.0
2026-02-17,1771288680000,15.0
2026-02-17,1771288800000,16.0
2026-02-17,1771288920000,13.0
2026-02-17,1771289040000,15.0
2026-02-17,1771289160000,15.0
2026-02-17,1771289280000,15.0
2026-02-17,1771289400000,15.0
2026-02-17,1771289520000,15.0
2026-02-17,1771289640000,16.0
2026-02-17,1771289760000,15.0
2026-02-17,1771289880000,15.0
2026-02-17,1771290000000,16.0
2026-02-17,1771290120000,16.0
2026-02-17,1771290240000,15.0
2026-02-17,1771290360000,17.0
2026-02-17,1771290480000,18.0
2026-02-17,1771290600000,16.0
2026-02-17,1771290720000,18.0
2026-02-17,1771290840000,18.0
2026-02-17,1771290960000,16.0
2026-02-17,1771291080000,17.0
2026-02-17,1771291200000,20.0
2026-02-17,1771291320000,19.0
2026-02-17,1771291440000,20.0
2026-02-17,1771291560000,19.0
2026-02-17,1771291680000,18.0
2026-02-17,1771291800000,15.0
2026-02-17,1771291920000,16.0
2026-02-17,1771292040000,14.0
2026-02-17,1771292160000,14.0
2026-02-17,1771292280000,14.0
2026-02-17,1771292400000,15.0
2026-02-17,1771292520000,15.0
2026-02-17,1771292640000,14.0
2026-02-17,1771292760000,15.0
2026-02-17,1771292880000,15.0
2026-02-17,1771293000000,14.0
2026-02-17,1771293120000,14.0
2026-02-17,1771293240000,15.0
2026-02-17,1771293360000,15.0
2026-02-17,1771293480000,14.0
2026-02-17,1771293600000,15.0
2026-02-17,1771293720000,15.0
2026-02-17,1771293840000,15.0
2026-02-17,1771293960000,14.0
2026-02-17,1771294080000,15.0
2026-02-17,1771294200000,15.0
2026-02-17,1771294320000,15.0
2026-02-17,1771294440000,15.0
2026-02-17,1771294560000,15.0
2026-02-17,1771294680000,13.0
2026-02-17,1771294800000,13.0
2026-02-17,1771294920000,14.0
2026-02-17,1771295040000,15.0
2026-02-17,1771295160000,14.0
2026-02-17,1771295280000,14.0
2026-02-17,1771295400000,14.0
2026-02-17,1771295520000,14.0
2026-02-17,1771295640000,14.0
2026-02-17,1771295760000,14.0
2026-02-17,1771295880000,14.0
2026-02-17,1771296000000,14.0
2026-02-17,1771296120000,14.0
2026-02-17,1771296240000,15.0
2026-02-17,1771296360000,14.0
2026-02-17,1771296480000,13.0
2026-02-17,1771296600000,18.0
2026-02-17,1771296720000,17.0
2026-02-17,1771296840000,18.0
2026-02-17,1771296960000,17.0
2026-02-17,1771297080000,20.0
2026-02-17,1771297200000,19.0
2026-02-17,1771297320000,17.0
2026-02-17,1771297440000,16.0
2026-02-17,1771297560000,19.0
2026-02-17,1771297680000,20.0
2026-02-17,1771297800000,16.0
2026-02-17,1771297920000,16.0
2026-02-17,1771298040000,17.0
2026-02-17,1771298160000,16.0
2026-02-17,1771298280000,19.0
2026-02-17,1771298400000,16.0
2026-02-17,1771298520000,15.0
2026-02-17,1771298640000,15.0
2026-02-17,1771298760000,15.0
2026-02-17,1771298880000,15.0
2026-02-17,1771299000000,14.0
2026-02-17,1771299120000,15.0
2026-02-17,1771299240000,15.0
2026-02-17,1771299360000,14.0
2026-02-17,1771299480000,14.0
2026-02-17,1771299600000,14.0
2026-02-17,1771299720000,14.0
2026-02-17,1771299840000,15.0
2026-02-17,1771299960000,15.0
2026-02-17,1771300080000,14.0
2026-02-17,1771300200000,14.0
2026-02-17,1771300320000,14.0
2026-02-17,1771300440000,15.0
2026-02-17,1771300560000,16.0
2026-02-17,1771300680000,15.0
2026-02-17,1771300800000,16.0
2026-02-17,1771300920000,14.0
2026-02-17,1771301040000,14.0
2026-02-17,1771301160000,15.0
2026-02-17,1771301280000,14.0
2026-02-17,1771301400000,11.0
2026-02-17,1771301520000,13.0
2026-02-17,1771301640000,11.0
2026-02-17,1771301760000,14.0
2026-02-17,1771301880000,12.0
2026-02-17,1771302000000,12.0
2026-02-17,1771302120000,10.0
2026-02-17,1771302240000,11.0
2026-02-17,1771302360000,12.0
2026-02-17,1771302480000,17.0
2026-02-17,1771302600000,17.0
2026-02-17,1771302720000,16.0
2026-02-17,1771302840000,14.0
2026-02-17,1771302960000,13.0
2026-02-17,1771303080000,15.0
2026-02-17,1771303200000,13.0
2026-02-17,1771303320000,13.0
2026-02-17,1771303440000,14.0
2026-02-17,1771303560000,14.0
2026-02-17,1771303680000,15.0
2026-02-17,1771303800000,15.0
2026-02-17,1771303920000,18.0
2026-02-17,1771304040000,17.0
2026-02-17,1771304160000,18.0
2026-02-17,1771304280000,17.0
2026-02-17,1771304400000,16.0
2026-02-17,1771304520000,16.0
2026-02-17,1771304640000,15.0
2026-02-17,1771304760000,16.0
2026-02-17,1771304880000,15.0
2026-02-17,1771305000000,14.0
2026-02-17,1771305120000,15.0
2026-02-17,1771305240000,14.0
2026-02-17,1771305360000,15.0
2026-02-17,1771305480000,15.0
2026-02-17,1771305600000,18.0
2026-02-17,1771305720000,18.0
2026-02-17,1771305840000,14.0
2026-02-17,1771305960000,16.0
2026-02-17,1771306080000,15.0
2026-02-17,1771306200000,13.0
2026-02-17,1771306320000,14.0
2026-02-17,1771306440000,13.0
2026-02-17,1771306560000,15.0
2026-02-17,1771306680000,15.0
2026-02-17,1771306800000,16.0
2026-02-17,1771306920000,13.0
2026-02-17,1771307040000,14.0
2026-02-17,1771307160000,13.0
2026-02-17,1771307280000,15.0
2026-02-17,1771307400000,13.0
2026-02-17,1771307520000,14.0
2026-02-18,1771372334000,14.0
2026-02-18,1771372440000,18.0
2026-02-18,1771372560000,16.0
2026-02-18,1771372680000,16.0
2026-02-18,1771372800000,14.0
2026-02-18,1771372920000,15.0
2026-02-18,1771373040000,16.0
2026-02-18,1771373160000,18.0
2026-02-18,1771373280000,16.0
2026-02-18,1771373400000,15.0
2026-02-18,1771373520000,15.0
2026-02-18,1771373640000,13.0
2026-02-18,1771373760000,15.0
2026-02-18,1771373880000,16.0
2026-02-18,1771374000000,14.0
2026-02-18,1771374120000,15.0
2026-02-18,1771374240000,15.0
2026-02-18,1771374360000,15.0
2026-02-18,1771374480000,16.0
2026-02-18,1771374600000,16.0
2026-02-18,1771374720000,16.0
2026-02-18,1771374840000,15.0
2026-02-18,1771374960000,16.0
2026-02-18,1771375080000,16.0
2026-02-18,1771375200000,15.0
2026-02-18,1771375320000,15.0
2026-02-18,1771375440000,13.0
2026-02-18,1771375560000,15.0
2026-02-18,1771375680000,13.0
2026-02-18,1771375800000,15.0
2026-02-18,1771375920000,17.0
2026-02-18,1771376040000,18.0
2026-02-18,1771376160000,18.0
2026-02-18,1771376280000,16.0
2026-02-18,1771376400000,18.0
2026-02-18,1771376520000,20.0
2026-02-18,1771376640000,18.0
2026-02-18,1771376760000,14.0
2026-02-18,1771376880000,15.0
2026-02-18,1771377000000,15.0
2026-02-18,1771377120000,15.0
2026-02-18,1771377240000,15.0
2026-02-18,1771377360000,14.0
2026-02-18,1771377480000,13.0
2026-02-18,1771377600000,13.0
2026-02-18,1771377720000,15.0
2026-02-18,1771377840000,13.0
2026-02-18,1771377960000,13.0
2026-02-18,1771378080000,14.0
2026-02-18,1771378200000,15.0
2026-02-18,1771378320000,17.0
2026-02-18,1771378440000,15.0
2026-02-18,1771378560000,16.0
2026-02-18,1771378680000,15.0
2026-02-18,1771378800000,16.0
2026-02-18,1771378920000,14.0
2026-02-18,1771379040000,18.0
2026-02-18,1771379160000,16.0
2026-02-18,1771379280000,16.0
2026-02-18,1771379400000,18.0
2026-02-18,1771379520000,13.0
2026-02-18,1771379640000,14.0
2026-02-18,1771379760000,16.0
2026-02-18,1771379880000,15.0
2026-02-18,1771380000000,17.0
2026-02-18,1771380120000,14.0
2026-02-18,1771380240000,14.0
2026-02-18,1771380360000,14.0
2026-02-18,1771380480000,12.0
2026-02-18,1771380600000,13.0
2026-02-18,1771380720000,13.0
2026-02-18,1771380840000,14.0
2026-02-18,1771380960000,15.0
2026-02-18,1771381080000,15.0
2026-02-18,1771381200000,14.0
2026-02-18,1771381320000,14.0
2026-02-18,1771381440000,14.0
2026-02-18,1771381560000,16.0
2026-02-18,1771381680000,14.0
2026-02-18,1771381800000,13.0
2026-02-18,1771381920000,13.0
2026-02-18,1771382040000,10.0
2026-02-18,1771382160000,10.0
2026-02-18,1771382280000,9.0
2026-02-18,1771382400000,11.0
2026-02-18,1771382520000,14.0
2026-02-18,1771382640000,16.0
2026-02-18,1771382760000,11.0
2026-02-18,1771382880000,10.0
2026-02-18,1771383000000,12.0
2026-02-18,1771383120000,16.0
2026-02-18,1771383240000,15.0
2026-02-18,1771383360000,15.0
2026-02-18,1771383480000,18.0
2026-02-18,1771383600000,17.0
2026-02-18,1771383720000,17.0
2026-02-18,1771383840000,17.0
2026-02-18,1771383960000,17.0
2026-02-18,1771384080000,17.0
2026-02-18,1771384200000,17.0
2026-02-18,1771384320000,16.0
2026-02-18,1771384440000,16.0
2026-02-18,1771384560000,17.0
2026-02-18,1771384680000,16.0
2026-02-18,1771384800000,14.0
2026-02-18,1771384920000,15.0
2026-02-18,1771385040000,15.0
2026-02-18,1771385160000,15.0
2026-02-18,1771385280000,14.0
2026-02-18,1771385400000,14.0
2026-02-18,1771385520000,11.0
2026-02-18,1771385640000,11.0
2026-02-18,1771385760000,11.0
2026-02-18,1771385880000,13.0
2026-02-18,1771386000000,16.0
2026-02-18,1771386120000,12.0
2026-02-18,1771386240000,10.0
2026-02-18,1771386360000,12.0
2026-02-18,1771386480000,13.0
2026-02-18,1771386600000,14.0
2026-02-18,1771386720000,13.0
2026-02-18,1771386840000,15.0
2026-02-18,1771386960000,16.0
2026-02-18,1771387080000,14.0
2026-02-18,1771387200000,14.0
2026-02-18,1771387320000,14.0
2026-02-18,1771387440000,10.0
2026-02-18,1771387560000,18.0
2026-02-18,1771387680000,16.0
2026-02-18,1771387800000,13.0
2026-02-18,1771387920000,12.0
2026-02-18,1771388040000,12.0
2026-02-18,1771388160000,14.0
2026-02-18,1771388280000,12.0
2026-02-18,1771388400000,17.0
2026-02-18,1771388520000,17.0
2026-02-18,1771388640000,15.0
2026-02-18,1771388760000,15.0
2026-02-18,1771388880000,14.0
2026-02-18,1771389000000,11.0
2026-02-18,1771389120000,12.0
2026-02-18,1771389240000,13.0
2026-02-18,1771389360000,19.0
2026-02-18,1771389480000,15.0
2026-02-18,1771389600000,14.0
2026-02-18,1771389720000,12.0
2026-02-18,1771389840000,14.0
2026-02-18,1771389960000,11.0
2026-02-18,1771390080000,9.0
2026-02-18,1771390200000,12.0
2026-02-18,1771390320000,11.0
2026-02-18,1771390440000,12.0
2026-02-18,1771390560000,14.0
2026-02-18,1771390680000,18.0
2026-02-18,1771390800000,18.0
2026-02-18,1771390920000,19.0
2026-02-18,1771391040000,20.0
2026-02-18,1771391160000,20.0
2026-02-18,1771391280000,20.0
2026-02-18,1771391400000,19.0
2026-02-18,1771391520000,19.0
2026-02-18,1771391640000,17.0
2026-02-18,1771391760000,14.0
2026-02-18,1771391880000,15.0
2026-02-18,1771392000000,14.0
2026-02-18,1771392120000,16.0
2026-02-18,1771392240000,16.0
2026-02-18,1771392360000,16.0
2026-02-18,1771392480000,14.0
2026-02-18,1771392600000,10.0
2026-02-18,1771392720000,10.0
2026-02-18,1771392840000,11.0
2026-02-18,1771392960000,10.0
2026-02-18,1771393080000,12.0
2026-02-18,1771393200000,14.0
2026-02-18,1771393320000,13.0
2026-02-18,1771393440000,13.0
2026-02-18,1771393560000,12.0
2026-02-18,1771393680000,12.0
2026-02-18,1771393800000,9.0
2026-02-18,1771393920000,11.0
2026-02-18,1771394040000,13.0
2026-02-18,1771394160000,13.0
2026-02-18,1771394280000,11.0
2026-02-18,1771394400000,11.0
2026-02-18,1771394520000,11.0
2026-02-18,1771394640000,13.0
2026-02-18,1771394760000,15.0
2026-02-18,1771394880000,16.0
2026-02-18,1771395000000,15.0
2026-02-18,1771395120000,13.0
2026-02-18,1771395240000,13.0
2026-02-18,1771395360000,13.0
2026-02-18,1771395480000,12.0
2026-02-18,1771395600000,12.0
2026-02-18,1771395720000,10.0
2026-02-18,1771395840000,9.0
2026-02-18,1771395960000,11.0
2026-02-18,1771396080000,14.0
2026-02-18,1771396200000,15.0
2026-02-18,1771396320000,15.0
2026-02-18,1771396440000,16.0
2026-02-18,1771396560000,14.0
2026-02-18,1771396680000,16.0
2026-02-18,1771396800000,16.0
2026-02-18,1771396920000,17.0
2026-02-18,1771397040000,16.0
2026-02-18,1771397160000,16.0
2026-02-18,1771397280000,15.0
2026-02-18,1771397400000,15.0
2026-02-18,1771397520000,13.0
2026-02-18,1771397640000,11.0
2026-02-18,1771397760000,15.0
2026-02-18,1771397880000,15.0
2026-02-18,1771398000000,13.0
2026-02-18,1771398120000,13.0
2026-02-18,1771398240000,14.0
2026-02-18,1771398360000,18.0
2026-02-18,1771398480000,16.0
2026-02-18,1771398600000,16.0
2026-02-18,1771398720000,17.0
2026-02-18,1771398840000,17.0
2026-02-18,1771398960000,16.0
2026-02-18,1771399080000,16.0
2026-02-18,1771399200000,14.0
2026-02-18,1771399320000,16.0
2026-02-18,1771399440000,15.0
2026-02-18,1771399560000,15.0
2026-02-18,1771399680000,15.0
2026-02-18,1771399800000,15.0
2026-02-18,1771399920000,16.0
2026-02-18,1771400040000,15.0
2026-02-18,1771400160000,17.0
2026-02-18,1771400280000,14.0
2026-02-18,1771400400000,14.0
2026-02-18,1771400520000,15.0
2026-02-18,1771400640000,14.0
2026-02-19,1771458328000,16.0
2026-02-19,1771458360000,15.0
2026-02-19,1771458480000,15.0
2026-02-19,1771458600000,15.0
2026-02-19,1771458720000,14.0
2026-02-19,1771458840000,15.0
2026-02-19,1771458960000,15.0
2026-02-19,1771459080000,16.0
2026-02-19,1771459200000,16.0
2026-02-19,1771459320000,15.0
2026-02-19,1771459440000,15.0
2026-02-19,1771459560000,15.0
2026-02-19,1771459680000,16.0
2026-02-19,1771459800000,15.0
2026-02-19,1771459920000,16.0
2026-02-19,1771460040000,15.0
2026-02-19,1771460160000,16.0
2026-02-19,1771460280000,17.0
2026-02-19,1771460400000,18.0
2026-02-19,1771460520000,17.0
2026-02-19,1771460640000,18.0
2026-02-19,1771460760000,16.0
2026-02-19,1771460880000,17.0
2026-02-19,1771461000000,17.0
2026-02-19,1771461120000,14.0
2026-02-19,1771461240000,15.0
2026-02-19,1771461360000,15.0
2026-02-19,1771461480000,15.0
2026-02-19,1771461600000,15.0
2026-02-19,1771461720000,15.0
2026-02-19,1771461840000,14.0
2026-02-19,1771461960000,18.0
2026-02-19,1771462080000,15.0
2026-02-19,1771462200000,17.0
2026-02-19,1771462320000,16.0
2026-02-19,1771462440000,15.0
2026-02-19,1771462560000,16.0
2026-02-19,1771462680000,16.0
2026-02-19,1771462800000,17.0
2026-02-19,1771462920000,15.0
2026-02-19,1771463040000,15.0
2026-02-19,1771463160000,15.0
2026-02-19,1771463280000,14.0
2026-02-19,1771463400000,14.0
2026-02-19,1771463520000,14.0
2026-02-19,1771463640000,15.0
2026-02-19,1771463760000,15.0
2026-02-19,1771463880000,16.0
2026-02-19,1771464000000,15.0
2026-02-19,1771464120000,14.0
2026-02-19,1771464240000,17.0
2026-02-19,1771464360000,18.0
2026-02-19,1771464480000,16.0
2026-02-19,1771464600000,16.0
2026-02-19,1771464720000,15.0
2026-02-19,1771464840000,16.0
2026-02-19,1771464960000,14.0
2026-02-19,1771465080000,14.0
2026-02-19,1771465200000,14.0
2026-02-19,1771465320000,14.0
2026-02-19,1771465440000,15.0
2026-02-19,1771465560000,15.0
2026-02-19,1771465680000,15.0
2026-02-19,1771465800000,15.0
2026-02-19,1771465920000,15.0
2026-02-19,1771466040000,16.0
2026-02-19,1771466160000,16.0
2026-02-19,1771466280000,14.0
2026-02-19,1771466400000,15.0
2026-02-19,1771466520000,14.0
2026-02-19,1771466640000,14.0
2026-02-19,1771466760000,15.0
2026-02-19,1771466880000,15.0
2026-02-19,1771467000000,14.0
2026-02-19,1771467120000,15.0
2026-02-19,1771467240000,15.0
2026-02-19,1771467360000,15.0
2026-02-19,1771467480000,16.0
2026-02-19,1771467600000,19.0
2026-02-19,1771467720000,20.0
2026-02-19,1771467840000,21.0
2026-02-19,1771467960000,20.0
2026-02-19,1771468080000,19.0
2026-02-19,1771468200000,19.0
2026-02-19,1771468320000,19.0
2026-02-19,1771468440000,18.0
2026-02-19,1771468560000,19.0
2026-02-19,1771468680000,16.0
2026-02-19,1771468800000,17.0
2026-02-19,1771468920000,17.0
2026-02-19,1771469040000,16.0
2026-02-19,1771469160000,15.0
2026-02-19,1771469280000,16.0
2026-02-19,1771469400000,13.0
2026-02-19,1771469520000,15.0
2026-02-19,1771469640000,18.0
2026-02-19,1771469760000,17.0
2026-02-19,1771469880000,15.0
2026-02-19,1771470000000,16.0
2026-02-19,1771470120000,21.0
2026-02-19,1771470240000,14.0
2026-02-19,1771470360000,14.0
2026-02-19,1771470480000,15.0
2026-02-19,1771470600000,15.0
2026-02-19,1771470720000,14.0
2026-02-19,1771470840000,14.0
2026-02-19,1771470960000,15.0
2026-02-19,1771471080000,14.0
2026-02-19,1771471200000,15.0
2026-02-19,1771471320000,15.0
2026-02-19,1771471440000,15.0
2026-02-19,1771471560000,15.0
2026-02-19,1771471680000,15.0
2026-02-19,1771471800000,15.0
2026-02-19,1771471920000,14.0
2026-02-19,1771472040000,14.0
2026-02-19,1771472160000,14.0
2026-02-19,1771472280000,15.0
2026-02-19,1771472400000,16.0
2026-02-19,1771472520000,16.0
2026-02-19,1771472640000,13.0
2026-02-19,1771472760000,13.0
2026-02-19,1771472880000,14.0
2026-02-19,1771473000000,14.0
2026-02-19,1771473120000,12.0
2026-02-19,1771473240000,12.0
2026-02-19,1771473360000,13.0
2026-02-19,1771473480000,13.0
2026-02-19,1771473600000,14.0
2026-02-19,1771473720000,13.0
2026-02-19,1771473840000,14.0
2026-02-19,1771473960000,14.0
2026-02-19,1771474080000,13.0
2026-02-19,1771474200000,12.0
2026-02-19,1771474320000,13.0
2026-02-19,1771474440000,14.0
2026-02-19,1771474560000,15.0
2026-02-19,1771474680000,16.0
2026-02-19,1771474800000,16.0
2026-02-19,1771474920000,15.0
2026-02-19,1771475040000,15.0
2026-02-19,1771475160000,15.0
2026-02-19,1771475280000,13.0
2026-02-19,1771475400000,14.0
2026-02-19,1771475520000,14.0
2026-02-19,1771475640000,13.0
2026-02-19,1771475760000,14.0
2026-02-19,1771475880000,14.0
2026-02-19,1771476000000,14.0
2026-02-19,1771476120000,12.0
2026-02-19,1771476240000,13.0
2026-02-19,1771476360000,13.0
2026-02-19,1771476480000,14.0
2026-02-19,1771476600000,14.0
2026-02-19,1771476720000,14.0
2026-02-19,1771476840000,13.0
2026-02-19,1771476960000,14.0
2026-02-19,1771477080000,12.0
2026-02-19,1771477200000,13.0
2026-02-19,1771477320000,13.0
2026-02-19,1771477440000,13.0
2026-02-19,1771477560000,12.0
2026-02-19,1771477680000,13.0
2026-02-19,1771477800000,13.0
2026-02-19,1771477920000,13.0
2026-02-19,1771478040000,13.0
2026-02-19,1771478160000,13.0
2026-02-19,1771478280000,13.0
2026-02-19,1771478400000,13.0
2026-02-19,1771478520000,13.0
2026-02-19,1771478640000,14.0
2026-02-19,1771478760000,13.0
2026-02-19,1771478880000,13.0
2026-02-19,1771479000000,13.0
2026-02-19,1771479120000,14.0
2026-02-19,1771479240000,14.0
2026-02-19,1771479360000,13.0
2026-02-19,1771479480000,13.0
2026-02-19,1771479600000,15.0
2026-02-19,1771479720000,14.0
2026-02-19,1771479840000,13.0
2026-02-19,1771479960000,14.0
2026-02-19,1771480080000,16.0
2026-02-19,1771480200000,15.0
2026-02-19,1771480320000,14.0
2026-02-19,1771480440000,15.0
2026-02-19,1771480560000,14.0
2026-02-19,1771480680000,15.0
2026-02-19,1771480800000,15.0
2026-02-19,1771480920000,15.0
2026-02-19,1771481040000,15.0
2026-02-19,1771481160000,13.0
2026-02-19,1771481280000,14.0
2026-02-19,1771481400000,12.0
2026-02-19,1771481520000,13.0
2026-02-19,1771481640000,14.0
2026-02-19,1771481760000,14.0
2026-02-19,1771481880000,13.0
2026-02-19,1771482000000,14.0
2026-02-19,1771482120000,14.0
2026-02-19,1771482240000,14.0
2026-02-19,1771482360000,12.0
2026-02-19,1771482480000,13.0
2026-02-19,1771482600000,14.0
2026-02-19,1771482720000,14.0
2026-02-19,1771482840000,14.0
2026-02-19,1771482960000,13.0
2026-02-19,1771483080000,14.0
2026-02-19,1771483200000,14.0
2026-02-19,1771483320000,14.0
2026-02-19,1771483440000,14.0
2026-02-19,1771483560000,14.0
2026-02-19,1771483680000,14.0
2026-02-19,1771483800000,14.0
2026-02-19,1771483920000,17.0
2026-02-19,1771484040000,17.0
2026-02-19,1771484160000,15.0
2026-02-19,1771484280000,18.0
2026-02-19,1771484400000,16.0
2026-02-19,1771484520000,17.0
2026-02-19,1771484640000,18.0
2026-02-19,1771484760000,17.0
2026-02-19,1771484880000,18.0
2026-02-20,1771542364000,14.0
2026-02-20,1771542480000,15.0
2026-02-20,1771542600000,17.0
2026-02-20,1771542720000,15.0
2026-02-20,1771542840000,14.0
2026-02-20,1771542960000,14.0
2026-02-20,1771543080000,14.0
2026-02-20,1771543200000,14.0
2026-02-20,1771543320000,14.0
2026-02-20,1771543440000,13.0
2026-02-20,1771543560000,15.0
2026-02-20,1771543680000,14.0
2026-02-20,1771543800000,15.0
2026-02-20,1771543920000,15.0
2026-02-20,1771544040000,13.0
2026-02-20,1771544160000,13.0
2026-02-20,1771544280000,14.0
2026-02-20,1771544400000,15.0
2026-02-20,1771544520000,15.0
2026-02-20,1771544640000,14.0
2026-02-20,1771544760000,14.0
2026-02-20,1771544880000,14.0
2026-02-20,1771545000000,13.0
2026-02-20,1771545120000,15.0
2026-02-20,1771545240000,15.0
2026-02-20,1771545360000,13.0
2026-02-20,1771545480000,15.0
2026-02-20,1771545600000,13.0
2026-02-20,1771545720000,15.0
2026-02-20,1771545840000,15.0
2026-02-20,1771545960000,14.0
2026-02-20,1771546080000,16.0
2026-02-20,1771546200000,15.0
2026-02-20,1771546320000,14.0
2026-02-20,1771546440000,15.0
2026-02-20,1771546560000,14.0
2026-02-20,1771546680000,15.0
2026-02-20,1771546800000,16.0
2026-02-20,1771546920000,15.0
2026-02-20,1771547040000,16.0
2026-02-20,1771547160000,16.0
2026-02-20,1771547280000,15.0
2026-02-20,1771547400000,16.0
2026-02-20,1771547520000,16.0
2026-02-20,1771547640000,17.0
2026-02-20,1771547760000,16.0
2026-02-20,1771547880000,16.0
2026-02-20,1771548000000,15.0
2026-02-20,1771548120000,17.0
2026-02-20,1771548240000,16.0
2026-02-20,1771548360000,15.0
2026-02-20,1771548480000,15.0
2026-02-20,1771548600000,18.0
2026-02-20,1771548720000,15.0
2026-02-20,1771548840000,18.0
2026-02-20,1771548960000,16.0
2026-02-20,1771549080000,14.0
2026-02-20,1771549200000,15.0
2026-02-20,1771549320000,15.0
2026-02-20,1771549440000,14.0
2026-02-20,1771549560000,14.0
2026-02-20,1771549680000,15.0
2026-02-20,1771549800000,15.0
2026-02-20,1771549920000,15.0
2026-02-20,1771550040000,16.0
2026-02-20,1771550160000,15.0
2026-02-20,1771550280000,15.0
2026-02-20,1771550400000,15.0
2026-02-20,1771550520000,15.0
2026-02-20,1771550640000,15.0
2026-02-20,1771550760000,16.0
2026-02-20,1771550880000,13.0
2026-02-20,1771551000000,14.0
2026-02-20,1771551120000,14.0
2026-02-20,1771551240000,14.0
2026-02-20,1771551360000,13.0
2026-02-20,1771551480000,14.0
2026-02-20,1771551600000,14.0
2026-02-20,1771551720000,14.0
2026-02-20,1771551840000,13.0
2026-02-20,1771551960000,14.0
2026-02-20,1771552080000,14.0
2026-02-20,1771552200000,14.0
2026-02-20,1771552320000,15.0
2026-02-20,1771552440000,16.0
2026-02-20,1771552560000,16.0
2026-02-20,1771552680000,14.0
2026-02-20,1771552800000,14.0
2026-02-20,1771552920000,13.0
2026-02-20,1771553040000,14.0
2026-02-20,1771553160000,14.0
2026-02-20,1771553280000,14.0
2026-02-20,1771553400000,14.0
2026-02-20,1771553520000,12.0
2026-02-20,1771553640000,15.0
2026-02-20,1771553760000,12.0
2026-02-20,1771553880000,16.0
2026-02-20,1771554000000,12.0
2026-02-20,1771554120000,13.0
2026-02-20,1771554240000,14.0
2026-02-20,1771554360000,14.0
2026-02-20,1771554480000,13.0
2026-02-20,1771554600000,14.0
2026-02-20,1771554720000,15.0
2026-02-20,1771554840000,17.0
2026-02-20,1771554960000,18.0
2026-02-20,1771555080000,15.0
2026-02-20,1771555200000,16.0
2026-02-20,1771555320000,17.0
2026-02-20,1771555440000,16.0
2026-02-20,1771555560000,16.0
2026-02-20,1771555680000,17.0
2026-02-20,1771555800000,17.0
2026-02-20,1771555920000,19.0
2026-02-20,1771556040000,19.0
2026-02-20,1771556160000,19.0
2026-02-20,1771556280000,18.0
2026-02-20,1771556400000,18.0
2026-02-20,1771556520000,18.0
2026-02-20,1771556640000,18.0
2026-02-20,1771556760000,16.0
2026-02-20,1771556880000,18.0
2026-02-20,1771557000000,16.0
2026-02-20,1771557120000,14.0
2026-02-20,1771557240000,15.0
2026-02-20,1771557360000,14.0
2026-02-20,1771557480000,13.0
2026-02-20,1771557600000,14.0
2026-02-20,1771557720000,13.0
2026-02-20,1771557840000,14.0
2026-02-20,1771557960000,15.0
2026-02-20,1771558080000,14.0
2026-02-20,1771558200000,13.0
2026-02-20,1771558320000,12.0
2026-02-20,1771558440000,13.0
2026-02-20,1771558560000,14.0
2026-02-20,1771558680000,14.0
2026-02-20,1771558800000,14.0
2026-02-20,1771558920000,14.0
2026-02-20,1771559040000,14.0
2026-02-20,1771559160000,17.0
2026-02-20,1771559280000,14.0
2026-02-20,1771559400000,14.0
2026-02-20,1771559520000,15.0
2026-02-20,1771559640000,14.0
2026-02-20,1771559760000,14.0
2026-02-20,1771559880000,15.0
2026-02-20,1771560000000,15.0
2026-02-20,1771560120000,15.0
2026-02-20,1771560240000,14.0
2026-02-20,1771560360000,14.0
2026-02-20,1771560480000,15.0
2026-02-20,1771560600000,14.0
2026-02-20,1771560720000,14.0
2026-02-20,1771560840000,14.0
2026-02-20,1771560960000,14.0
2026-02-20,1771561080000,14.0
2026-02-20,1771561200000,14.0
2026-02-20,1771561320000,13.0
2026-02-20,1771561440000,14.0
2026-02-20,1771561560000,13.0
2026-02-20,1771561680000,14.0
2026-02-20,1771561800000,13.0
2026-02-20,1771561920000,16.0
2026-02-20,1771562040000,17.0
2026-02-20,1771562160000,17.0
2026-02-20,1771562280000,15.0
2026-02-20,1771562400000,15.0
2026-02-20,1771562520000,16.0
2026-02-20,1771562640000,15.0
2026-02-20,1771562760000,16.0
2026-02-20,1771562880000,17.0
2026-02-20,1771563000000,15.0
2026-02-20,1771563120000,15.0
2026-02-20,1771563240000,16.0
2026-02-20,1771563360000,17.0
2026-02-20,1771563480000,17.0
2026-02-20,1771563600000,18.0
2026-02-20,1771563720000,17.0
2026-02-20,1771563840000,18.0
2026-02-20,1771563960000,18.0
2026-02-20,1771564080000,20.0
2026-02-20,1771564200000,19.0
2026-02-20,1771564320000,19.0
2026-02-20,1771564440000,20.0
2026-02-20,1771564560000,21.0
2026-02-20,1771564680000,20.0
2026-02-20,1771564800000,16.0
2026-02-20,1771564920000,14.0
2026-02-20,1771565040000,14.0
2026-02-20,1771565160000,13.0
2026-02-20,1771565280000,15.0
2026-02-20,1771565400000,14.0
2026-02-20,1771565520000,13.0
2026-02-20,1771565640000,14.0
2026-02-20,1771565760000,13.0
2026-02-20,1771565880000,13.0
2026-02-20,1771566000000,13.0
2026-02-20,1771566120000,13.0
2026-02-20,1771566240000,14.0
2026-02-21,1771628293000,14.0
2026-02-21,1771628400000,16.0
2026-02-21,1771628520000,15.0
2026-02-21,1771628640000,16.0
2026-02-21,1771628760000,16.0
2026-02-21,1771628880000,16.0
2026-02-21,1771629000000,15.0
2026-02-21,1771629120000,15.0
2026-02-21,1771629240000,14.0
2026-02-21,1771629360000,14.0
2026-02-21,1771629480000,14.0
2026-02-21,1771629600000,17.0
2026-02-21,1771629720000,14.0
2026-02-21,1771629840000,14.0
2026-02-21,1771629960000,15.0
2026-02-21,1771630080000,15.0
2026-02-21,1771630200000,15.0
2026-02-21,1771630320000,16.0
2026-02-21,1771630440000,14.0
2026-02-21,1771630560000,14.0
2026-02-21,1771630680000,15.0
2026-02-21,1771630800000,16.0
2026-02-21,1771630920000,15.0
2026-02-21,1771631040000,14.0
2026-02-21,1771631160000,15.0
2026-02-21,1771631280000,15.0
2026-02-21,1771631400000,14.0
2026-02-21,1771631520000,15.0
2026-02-21,1771631640000,14.0
2026-02-21,1771631760000,15.0
2026-02-21,1771631880000,15.0
2026-02-21,1771632000000,16.0
2026-02-21,1771632120000,17.0
2026-02-21,1771632240000,14.0
2026-02-21,1771632360000,14.0
2026-02-21,1771632480000,13.0
2026-02-21,1771632600000,14.0
2026-02-21,1771632720000,17.0
2026-02-21,1771632840000,16.0
2026-02-21,1771632960000,17.0
2026-02-21,1771633080000,18.0
2026-02-21,1771633200000,17.0
2026-02-21,1771633320000,17.0
2026-02-21,1771633440000,16.0
2026-02-21,1771633560000,14.0
2026-02-21,1771633680000,14.0
2026-02-21,1771633800000,14.0
2026-02-21,1771633920000,15.0
2026-02-21,1771634040000,14.0
2026-02-21,1771634160000,14.0
2026-02-21,1771634280000,14.0
2026-02-21,1771634400000,15.0
2026-02-21,1771634520000,15.0
2026-02-21,1771634640000,16.0
2026-02-21,1771634760000,15.0
2026-02-21,1771634880000,15.0
2026-02-21,1771635000000,15.0
2026-02-21,1771635120000,15.0
2026-02-21,1771635240000,16.0
2026-02-21,1771635360000,15.0
2026-02-21,1771635480000,16.0
2026-02-21,1771635600000,14.0
2026-02-21,1771635720000,15.0
2026-02-21,1771635840000,13.0
2026-02-21,1771635960000,14.0
2026-02-21,1771636080000,15.0
2026-02-21,1771636200000,13.0
2026-02-21,1771636320000,12.0
2026-02-21,1771636440000,14.0
2026-02-21,1771636560000,14.0
2026-02-21,1771636680000,15.0
2026-02-21,1771636800000,13.0
2026-02-21,1771636920000,14.0
2026-02-21,1771637040000,14.0
2026-02-21,1771637160000,13.0
2026-02-21,1771637280000,14.0
2026-02-21,1771637400000,13.0
2026-02-21,1771637520000,16.0
2026-02-21,1771637640000,16.0
2026-02-21,1771637760000,13.0
2026-02-21,1771637880000,15.0
2026-02-21,1771638000000,14.0
2026-02-21,1771638120000,15.0
2026-02-21,1771638240000,15.0
2026-02-21,1771638360000,16.0
2026-02-21,1771638480000,15.0
2026-02-21,1771638600000,14.0
2026-02-21,1771638720000,14.0
2026-02-21,1771638840000,16.0
2026-02-21,1771638960000,15.0
2026-02-21,1771639080000,16.0
2026-02-21,1771639200000,17.0
2026-02-21,1771639320000,15.0
2026-02-21,1771639440000,15.0
2026-02-21,1771639560000,15.0
2026-02-21,1771639680000,16.0
2026-02-21,1771639800000,16.0
2026-02-21,1771639920000,17.0
2026-02-21,1771640040000,15.0
2026-02-21,1771640160000,16.0
2026-02-21,1771640280000,16.0
2026-02-21,1771640400000,16.0
2026-02-21,1771640520000,16.0
2026-02-21,1771640640000,16.0
2026-02-21,1771640760000,16.0
2026-02-21,1771640880000,17.0
2026-02-21,1771641000000,18.0
2026-02-21,1771641120000,18.0
2026-02-21,1771641240000,17.0
2026-02-21,1771641360000,15.0
2026-02-21,1771641480000,15.0
2026-02-21,1771641600000,18.0
2026-02-21,1771641720000,19.0
2026-02-21,1771641840000,21.0
2026-02-21,1771641960000,20.0
2026-02-21,1771642080000,21.0
2026-02-21,1771642200000,20.0
2026-02-21,1771642320000,19.0
2026-02-21,1771642440000,18.0
2026-02-21,1771642560000,18.0
2026-02-21,1771642680000,19.0
2026-02-21,1771642800000,18.0
2026-02-21,1771642920000,17.0
2026-02-21,1771643040000,18.0
2026-02-21,1771643160000,19.0
2026-02-21,1771643280000,14.0
2026-02-21,1771643400000,15.0
2026-02-21,1771643520000,16.0
2026-02-21,1771643640000,15.0
2026-02-21,1771643760000,14.0
2026-02-21,1771643880000,15.0
2026-02-21,1771644000000,17.0
2026-02-21,1771644120000,18.0
2026-02-21,1771644240000,16.0
2026-02-21,1771644360000,16.0
2026-02-21,1771644480000,16.0
2026-02-21,1771644600000,14.0
2026-02-21,1771644720000,13.0
2026-02-21,1771644840000,15.0
2026-02-21,1771644960000,15.0
2026-02-21,1771645080000,16.0
2026-02-21,1771645200000,18.0
2026-02-21,1771645320000,15.0
2026-02-21,1771645440000,13.0
2026-02-21,1771645560000,13.0
2026-02-21,1771645680000,13.0
2026-02-21,1771645800000,14.0
2026-02-21,1771645920000,14.0
2026-02-21,1771646040000,14.0
2026-02-21,1771646160000,13.0
2026-02-21,1771646280000,14.0
2026-02-21,1771646400000,15.0
2026-02-21,1771646520000,16.0
2026-02-21,1771646640000,16.0
2026-02-21,1771646760000,13.0
2026-02-21,1771646880000,13.0
2026-02-21,1771647000000,15.0
2026-02-21,1771647120000,17.0
2026-02-21,1771647240000,15.0
2026-02-21,1771647360000,17.0
2026-02-21,1771647480000,16.0
2026-02-21,1771647600000,17.0
2026-02-21,1771647720000,18.0
2026-02-21,1771647840000,16.0
2026-02-21,1771647960000,17.0
2026-02-21,1771648080000,18.0
2026-02-21,1771648200000,14.0
2026-02-21,1771648320000,14.0
2026-02-21,1771648440000,14.0
2026-02-21,1771648560000,15.0
2026-02-21,1771648680000,14.0
2026-02-21,1771648800000,15.0
2026-02-21,1771648920000,14.0
2026-02-21,1771649040000,14.0
2026-02-21,1771649160000,14.0
2026-02-21,1771649280000,15.0
2026-02-21,1771649400000,15.0
2026-02-21,1771649520000,14.0
2026-02-21,1771649640000,12.0
2026-02-21,1771649760000,14.0
2026-02-21,1771649880000,17.0
2026-02-21,1771650000000,16.0
2026-02-21,1771650120000,18.0
2026-02-21,1771650240000,15.0
2026-02-21,1771650360000,14.0
2026-02-21,1771650480000,16.0
2026-02-21,1771650600000,18.0
2026-02-21,1771650720000,16.0
2026-02-21,1771650840000,17.0
2026-02-21,1771650960000,17.0
2026-02-21,1771651080000,17.0
2026-02-21,1771651200000,19.0
2026-02-21,1771651320000,19.0
2026-02-21,1771651440000,19.0
2026-02-21,1771651560000,18.0
2026-02-21,1771651680000,19.0
2026-02-21,1771651800000,17.0
2026-02-21,1771651920000,14.0
2026-02-21,1771652040000,14.0
2026-02-21,1771652160000,16.0
2026-02-21,1771652280000,16.0
2026-02-21,1771652400000,14.0
2026-02-21,1771652520000,12.0
2026-02-21,1771652640000,13.0
2026-02-21,1771652760000,19.0
2026-02-21,1771652880000,12.0
2026-02-21,1771653000000,11.0
2026-02-21,1771653120000,12.0
2026-02-21,1771653240000,15.0
2026-02-21,1771653360000,18.0
2026-02-21,1771653480000,14.0
2026-02-21,1771653600000,14.0
2026-02-21,1771653720000,15.0
2026-02-21,1771653840000,12.0
2026-02-21,1771653960000,15.0
2026-02-21,1771654080000,14.0
2026-02-21,1771654200000,14.0
2026-02-21,1771654320000,15.0
2026-02-21,1771654440000,14.0
2026-02-21,1771654560000,14.0
2026-02-21,1771654680000,14.0
2026-02-21,1771654800000,13.0
2026-02-21,1771654920000,15.0
2026-02-21,1771655040000,17.0
2026-02-21,1771655160000,14.0
2026-02-21,1771655280000,13.0
2026-02-21,1771655400000,16.0
2026-02-21,1771655520000,16.0
2026-02-21,1771655640000,17.0
2026-02-21,1771655760000,16.0
2026-02-21,1771655880000,14.0
2026-02-21,1771656000000,14.0
2026-02-21,1771656120000,14.0
2026-02-21,1771656240000,15.0
2026-02-21,1771656360000,15.0
2026-02-21,1771656480000,14.0
2026-02-21,1771656600000,14.0
2026-02-21,1771656720000,15.0
2026-02-21,1771656840000,15.0
2026-02-21,1771656960000,16.0
2026-02-21,1771657080000,15.0
2026-02-21,1771657200000,18.0
2026-02-21,1771657320000,12.0
2026-02-21,1771657440000,13.0
2026-02-21,1771657560000,13.0
2026-02-21,1771657680000,14.0
2026-02-21,1771657800000,13.0
2026-02-21,1771657920000,13.0
2026-02-21,1771658040000,16.0
2026-02-21,1771658160000,16.0
2026-02-21,1771658280000,16.0
2026-02-21,1771658400000,12.0
2026-02-21,1771658520000,13.0
2026-02-21,1771658640000,14.0
2026-02-22,1771719294000,18.0
2026-02-22,1771719360000,16.0
2026-02-22,1771719480000,16.0
2026-02-22,1771719600000,17.0
2026-02-22,1771719720000,16.0
2026-02-22,1771719840000,17.0
2026-02-22,1771719960000,16.0
2026-02-22,1771720080000,15.0
2026-02-22,1771720200000,16.0
2026-02-22,1771720320000,17.0
2026-02-22,1771720440000,16.0
2026-02-22,1771720560000,15.0
2026-02-22,1771720680000,16.0
2026-02-22,1771720800000,15.0
2026-02-22,1771720920000,16.0
2026-02-22,1771721040000,16.0
2026-02-22,1771721160000,16.0
2026-02-22,1771721280000,15.0
2026-02-22,1771721400000,16.0
2026-02-22,1771721520000,16.0
2026-02-22,1771721640000,16.0
2026-02-22,1771721760000,17.0
2026-02-22,1771721880000,16.0
2026-02-22,1771722000000,16.0
2026-02-22,1771722120000,16.0
2026-02-22,1771722240000,17.0
2026-02-22,1771722360000,16.0
2026-02-22,1771722480000,20.0
2026-02-22,1771722600000,18.0
2026-02-22,1771722720000,17.0
2026-02-22,1771722840000,20.0
2026-02-22,1771722960000,21.0
2026-02-22,1771723080000,19.0
2026-02-22,1771723200000,19.0
2026-02-22,1771723320000,18.0
2026-02-22,1771723440000,20.0
2026-02-22,1771723560000,16.0
2026-02-22,1771723680000,17.0
2026-02-22,1771723800000,16.0
2026-02-22,1771723920000,17.0
2026-02-22,1771724040000,17.0
2026-02-22,1771724160000,18.0
2026-02-22,1771724280000,18.0
2026-02-22,1771724400000,18.0
2026-02-22,1771724520000,17.0
2026-02-22,1771724640000,17.0
2026-02-22,1771724760000,16.0
2026-02-22,1771724880000,16.0
2026-02-22,1771725000000,17.0
2026-02-22,1771725120000,17.0
2026-02-22,1771725240000,17.0
2026-02-22,1771725360000,17.0
2026-02-22,1771725480000,16.0
2026-02-22,1771725600000,15.0
2026-02-22,1771725720000,16.0
2026-02-22,1771725840000,15.0
2026-02-22,1771725960000,16.0
2026-02-22,1771726080000,15.0
2026-02-22,1771726200000,15.0
2026-02-22,1771726320000,15.0
2026-02-22,1771726440000,15.0
2026-02-22,1771726560000,15.0
2026-02-22,1771726680000,15.0
2026-02-22,1771726800000,15.0
2026-02-22,1771726920000,15.0
2026-02-22,1771727040000,15.0
2026-02-22,1771727160000,14.0
2026-02-22,1771727280000,14.0
2026-02-22,1771727400000,15.0
2026-02-22,1771727520000,16.0
2026-02-22,1771727640000,15.0
2026-02-22,1771727760000,15.0
2026-02-22,1771727880000,18.0
2026-02-22,1771728000000,18.0
2026-02-22,1771728120000,17.0
2026-02-22,1771728240000,19.0
2026-02-22,1771728360000,21.0
2026-02-22,1771728480000,19.0
2026-02-22,1771728600000,19.0
2026-02-22,1771728720000,17.0
2026-02-22,1771728840000,18.0
2026-02-22,1771728960000,18.0
2026-02-22,1771729080000,17.0
2026-02-22,1771729200000,16.0
2026-02-22,1771729320000,17.0
2026-02-22,1771729440000,16.0
2026-02-22,1771729560000,17.0
2026-02-22,1771729680000,16.0
2026-02-22,1771729800000,17.0
2026-02-22,1771729920000,18.0
2026-02-22,1771730040000,17.0
2026-02-22,1771730160000,16.0
2026-02-22,1771730280000,18.0
2026-02-22,1771730400000,19.0
2026-02-22,1771730520000,17.0
2026-02-22,1771730640000,18.0
2026-02-22,1771730760000,18.0
2026-02-22,1771730880000,17.0
2026-02-22,1771731000000,17.0
2026-02-22,1771731120000,16.0
2026-02-22,1771731240000,17.0
2026-02-22,1771731360000,15.0
2026-02-22,1771731480000,19.0
2026-02-22,1771731600000,18.0
2026-02-22,1771731720000,16.0
2026-02-22,1771731840000,17.0
2026-02-22,1771731960000,17.0
2026-02-22,1771732080000,16.0
2026-02-22,1771732200000,15.0
2026-02-22,1771732320000,15.0
2026-02-22,1771732440000,15.0
2026-02-22,1771732560000,17.0
2026-02-22,1771732680000,15.0
2026-02-22,1771732800000,15.0
2026-02-22,1771732920000,17.0
2026-02-22,1771733040000,19.0
2026-02-22,1771733160000,16.0
2026-02-22,1771733280000,17.0
2026-02-22,1771733400000,17.0
2026-02-22,1771733520000,17.0
2026-02-22,1771733640000,17.0
2026-02-22,1771733760000,17.0
2026-02-22,1771733880000,17.0
2026-02-22,1771734000000,16.0
2026-02-22,1771734120000,16.0
2026-02-22,1771734240000,16.0
2026-02-22,1771734360000,15.0
2026-02-22,1771734480000,15.0
2026-02-22,1771734600000,22.0
2026-02-22,1771734720000,21.0
2026-02-22,1771734840000,21.0
2026-02-22,1771734960000,19.0
2026-02-22,1771735080000,20.0
2026-02-22,1771735200000,20.0
2026-02-22,1771735320000,21.0
2026-02-22,1771735440000,20.0
2026-02-22,1771735560000,18.0
2026-02-22,1771735680000,19.0
2026-02-22,1771735800000,18.0
2026-02-22,1771735920000,21.0
2026-02-22,1771736040000,19.0
2026-02-22,1771736160000,18.0
2026-02-22,1771736280000,20.0
2026-02-22,1771736400000,18.0
2026-02-22,1771736520000,18.0
2026-02-22,1771736640000,20.0
2026-02-22,1771736760000,20.0
2026-02-22,1771736880000,19.0
2026-02-22,1771737000000,18.0
2026-02-22,1771737120000,16.0
2026-02-22,1771737240000,18.0
2026-02-22,1771737360000,17.0
2026-02-22,1771737480000,18.0
2026-02-22,1771737600000,18.0
2026-02-22,1771737720000,17.0
2026-02-22,1771737840000,19.0
2026-02-22,1771737960000,19.0
2026-02-22,1771738080000,19.0
2026-02-22,1771738200000,22.0
2026-02-22,1771738320000,20.0
2026-02-22,1771738440000,18.0
2026-02-22,1771738560000,18.0
2026-02-22,1771738680000,17.0
2026-02-22,1771738800000,18.0
2026-02-22,1771738920000,19.0
2026-02-22,1771739040000,19.0
2026-02-22,1771739160000,20.0
2026-02-22,1771739280000,18.0
2026-02-22,1771739400000,18.0
2026-02-22,1771739520000,18.0
2026-02-22,1771739640000,17.0
2026-02-22,1771739760000,17.0
2026-02-22,1771739880000,18.0
2026-02-22,1771740000000,18.0
2026-02-22,1771740120000,19.0
2026-02-22,1771740240000,17.0
2026-02-22,1771740360000,17.0
2026-02-22,1771740480000,15.0
2026-02-22,1771740600000,14.0
2026-02-22,1771740720000,14.0
2026-02-22,1771740840000,14.0
2026-02-22,1771740960000,14.0
2026-02-22,1771741080000,15.0
2026-02-22,1771741200000,15.0
2026-02-22,1771741320000,15.0
2026-02-22,1771741440000,13.0
2026-02-22,1771741560000,14.0
2026-02-22,1771741680000,14.0
2026-02-22,1771741800000,13.0
2026-02-22,1771741920000,14.0
2026-02-22,1771742040000,13.0
2026-02-22,1771742160000,14.0
2026-02-22,1771742280000,14.0
2026-02-22,1771742400000,16.0
2026-02-22,1771742520000,16.0
2026-02-22,1771742640000,12.0
2026-02-22,1771742760000,12.0
2026-02-22,1771742880000,11.0
2026-02-22,1771743000000,13.0
2026-02-22,1771743120000,19.0
2026-02-22,1771743240000,19.0
2026-02-22,1771743360000,19.0
2026-02-22,1771743480000,17.0
2026-02-22,1771743600000,18.0
2026-02-22,1771743720000,13.0
2026-02-22,1771743840000,12.0
2026-02-22,1771743960000,15.0
2026-02-22,1771744080000,13.0
2026-02-22,1771744200000,14.0
2026-02-22,1771744320000,14.0
2026-02-22,1771744440000,16.0
2026-02-22,1771744560000,14.0
2026-02-22,1771744680000,15.0
2026-02-22,1771744800000,13.0
2026-02-22,1771744920000,13.0
2026-02-22,1771745040000,13.0
2026-02-22,1771745160000,14.0
2026-02-22,1771745280000,13.0
2026-02-23,1771799532000,16.0
2026-02-23,1771799640000,19.0
2026-02-23,1771799760000,18.0
2026-02-23,1771799880000,16.0
2026-02-23,1771800000000,16.0
2026-02-23,1771800120000,17.0
2026-02-23,1771800240000,17.0
2026-02-23,1771800360000,14.0
2026-02-23,1771800480000,15.0
2026-02-23,1771800600000,15.0
2026-02-23,1771800720000,14.0
2026-02-23,1771800840000,15.0
2026-02-23,1771800960000,15.0
2026-02-23,1771801080000,15.0
2026-02-23,1771801200000,16.0
2026-02-23,1771801320000,16.0
2026-02-23,1771801440000,16.0
2026-02-23,1771801560000,16.0
2026-02-23,1771801680000,17.0
2026-02-23,1771801800000,16.0
2026-02-23,1771801920000,16.0
2026-02-23,1771802040000,16.0
2026-02-23,1771802160000,15.0
2026-02-23,1771802280000,16.0
2026-02-23,1771802400000,15.0
2026-02-23,1771802520000,15.0
2026-02-23,1771802640000,15.0
2026-02-23,1771802760000,16.0
2026-02-23,1771802880000,15.0
2026-02-23,1771803000000,14.0
2026-02-23,1771803120000,14.0
2026-02-23,1771803240000,14.0
2026-02-23,1771803360000,14.0
2026-02-23,1771803480000,15.0
2026-02-23,1771803600000,14.0
2026-02-23,1771803720000,14.0
2026-02-23,1771803840000,14.0
2026-02-23,1771803960000,17.0
2026-02-23,1771804080000,17.0
2026-02-23,1771804200000,16.0
2026-02-23,1771804320000,18.0
2026-02-23,1771804440000,15.0
2026-02-23,1771804560000,14.0
2026-02-23,1771804680000,13.0
2026-02-23,1771804800000,15.0
2026-02-23,1771804920000,14.0
2026-02-23,1771805040000,14.0
2026-02-23,1771805160000,15.0
2026-02-23,1771805280000,14.0
2026-02-23,1771805400000,15.0
2026-02-23,1771805520000,15.0
2026-02-23,1771805640000,15.0
2026-02-23,1771805760000,15.0
2026-02-23,1771805880000,15.0
2026-02-23,1771806000000,15.0
2026-02-23,1771806120000,15.0
2026-02-23,1771806240000,15.0
2026-02-23,1771806360000,15.0
2026-02-23,1771806480000,15.0
2026-02-23,1771806600000,15.0
2026-02-23,1771806720000,15.0
2026-02-23,1771806840000,15.0
2026-02-23,1771806960000,15.0
2026-02-23,1771807080000,15.0
2026-02-23,1771807200000,15.0
2026-02-23,1771807320000,15.0
2026-02-23,1771807440000,14.0
2026-02-23,1771807560000,15.0
2026-02-23,1771807680000,14.0
2026-02-23,1771807800000,15.0
2026-02-23,1771807920000,15.0
2026-02-23,1771808040000,14.0
2026-02-23,1771808160000,14.0
2026-02-23,1771808280000,14.0
2026-02-23,1771808400000,15.0
2026-02-23,1771808520000,17.0
2026-02-23,1771808640000,14.0
2026-02-23,1771808760000,14.0
2026-02-23,1771808880000,15.0
2026-02-23,1771809000000,15.0
2026-02-23,1771809120000,16.0
2026-02-23,1771809240000,16.0
2026-02-23,1771809360000,18.0
2026-02-23,1771809480000,19.0
2026-02-23,1771809600000,19.0
2026-02-23,1771809720000,19.0
2026-02-23,1771809840000,17.0
2026-02-23,1771809960000,18.0
2026-02-23,1771810080000,17.0
2026-02-23,1771810200000,17.0
2026-02-23,1771810320000,16.0
2026-02-23,1771810440000,19.0
2026-02-23,1771810560000,18.0
2026-02-23,1771810680000,17.0
2026-02-23,1771810800000,16.0
2026-02-23,1771810920000,16.0
2026-02-23,1771811040000,16.0
2026-02-23,1771811160000,15.0
2026-02-23,1771811280000,15.0
2026-02-23,1771811400000,14.0
2026-02-23,1771811520000,15.0
2026-02-23,1771811640000,15.0
2026-02-23,1771811760000,15.0
2026-02-23,1771811880000,15.0
2026-02-23,1771812000000,15.0
2026-02-23,1771812120000,15.0
2026-02-23,1771812240000,15.0
2026-02-23,1771812360000,15.0
2026-02-23,1771812480000,15.0
2026-02-23,1771812600000,15.0
2026-02-23,1771812720000,14.0
2026-02-23,1771812840000,15.0
2026-02-23,1771812960000,15.0
2026-02-23,1771813080000,15.0
2026-02-23,1771813200000,14.0
2026-02-23,1771813320000,15.0
2026-02-23,1771813440000,15.0
2026-02-23,1771813560000,16.0
2026-02-23,1771813680000,13.0
2026-02-23,1771813800000,14.0
2026-02-23,1771813920000,15.0
2026-02-23,1771814040000,14.0
2026-02-23,1771814160000,15.0
2026-02-23,1771814280000,16.0
2026-02-23,1771814400000,16.0
2026-02-23,1771814520000,17.0
2026-02-23,1771814640000,20.0
2026-02-23,1771814760000,20.0
2026-02-23,1771814880000,17.0
2026-02-23,1771815000000,18.0
2026-02-23,1771815120000,15.0
2026-02-23,1771815240000,16.0
2026-02-23,1771815360000,17.0
2026-02-23,1771815480000,16.0
2026-02-23,1771815600000,18.0
2026-02-23,1771815720000,17.0
2026-02-23,1771815840000,18.0
2026-02-23,1771815960000,14.0
2026-02-23,1771816080000,14.0
2026-02-23,1771816200000,16.0
2026-02-23,1771816320000,18.0
2026-02-23,1771816440000,17.0
2026-02-23,1771816560000,16.0
2026-02-23,1771816680000,16.0
2026-02-23,1771816800000,16.0
2026-02-23,1771816920000,16.0
2026-02-23,1771817040000,16.0
2026-02-23,1771817160000,16.0
2026-02-23,1771817280000,16.0
2026-02-23,1771817400000,16.0
2026-02-23,1771817520000,15.0
2026-02-23,1771817640000,16.0
2026-02-23,1771817760000,17.0
2026-02-23,1771817880000,15.0
2026-02-23,1771818000000,15.0
2026-02-23,1771818120000,14.0
2026-02-23,1771818240000,15.0
2026-02-23,1771818360000,15.0
2026-02-23,1771818480000,15.0
2026-02-23,1771818600000,14.0
2026-02-23,1771818720000,15.0
2026-02-23,1771818840000,15.0
2026-02-23,1771818960000,15.0
2026-02-23,1771819080000,15.0
2026-02-23,1771819200000,14.0
2026-02-23,1771819320000,14.0
2026-02-23,1771819440000,15.0
2026-02-23,1771819560000,14.0
2026-02-23,1771819680000,13.0
2026-02-23,1771819800000,12.0
2026-02-23,1771819920000,13.0
2026-02-23,1771820040000,13.0
2026-02-23,1771820160000,14.0
2026-02-23,1771820280000,13.0
2026-02-23,1771820400000,13.0
2026-02-23,1771820520000,13.0
2026-02-23,1771820640000,11.0
2026-02-23,1771820760000,14.0
2026-02-23,1771820880000,13.0
2026-02-23,1771821000000,16.0
2026-02-23,1771821120000,15.0
2026-02-23,1771821240000,14.0
2026-02-23,1771821360000,14.0
2026-02-23,1771821480000,12.0
2026-02-23,1771821600000,14.0
2026-02-23,1771821720000,14.0
2026-02-23,1771821840000,15.0
2026-02-23,1771821960000,14.0
2026-02-23,1771822080000,12.0
2026-02-23,1771822200000,13.0
2026-02-23,1771822320000,13.0
2026-02-23,1771822440000,14.0
2026-02-23,1771822560000,16.0
2026-02-23,1771822680000,16.0
2026-02-23,1771822800000,17.0
2026-02-23,1771822920000,16.0
2026-02-23,1771823040000,17.0
2026-02-23,1771823160000,18.0
2026-02-23,1771823280000,18.0
2026-02-23,1771823400000,13.0
2026-02-23,1771823520000,15.0
2026-02-23,1771823640000,17.0
2026-02-23,1771823760000,16.0
2026-02-23,1771823880000,16.0
2026-02-23,1771824000000,17.0
2026-02-23,1771824120000,14.0
2026-02-23,1771824240000,13.0
2026-02-23,1771824360000,13.0
2026-02-24,1771889148000,18.0
2026-02-24,1771889160000,21.0
2026-02-24,1771889280000,16.0
2026-02-24,1771889400000,16.0
2026-02-24,1771889520000,16.0
2026-02-24,1771889640000,15.0
2026-02-24,1771889760000,15.0
2026-02-24,1771889880000,15.0
2026-02-24,1771890000000,16.0
2026-02-24,1771890120000,15.0
2026-02-24,1771890240000,16.0
2026-02-24,1771890360000,14.0
2026-02-24,1771890480000,15.0
2026-02-24,1771890600000,15.0
2026-02-24,1771890720000,16.0
2026-02-24,1771890840000,15.0
2026-02-24,1771890960000,15.0
2026-02-24,1771891080000,15.0
2026-02-24,1771891200000,16.0
2026-02-24,1771891320000,14.0
2026-02-24,1771891440000,15.0
2026-02-24,1771891560000,16.0
2026-02-24,1771891680000,15.0
2026-02-24,1771891800000,16.0
2026-02-24,1771891920000,16.0
2026-02-24,1771892040000,15.0
2026-02-24,1771892160000,16.0
2026-02-24,1771892280000,15.0
2026-02-24,1771892400000,15.0
2026-02-24,1771892520000,15.0
2026-02-24,1771892640000,15.0
2026-02-24,1771892760000,15.0
2026-02-24,1771892880000,15.0
2026-02-24,1771893000000,15.0
2026-02-24,1771893120000,15.0
2026-02-24,1771893240000,15.0
2026-02-24,1771893360000,15.0
2026-02-24,1771893480000,15.0
2026-02-24,1771893600000,16.0
2026-02-24,1771893720000,15.0
2026-02-24,1771893840000,16.0
2026-02-24,1771893960000,18.0
2026-02-24,1771894080000,20.0
2026-02-24,1771894200000,18.0
2026-02-24,1771894320000,20.0
2026-02-24,1771894440000,17.0
2026-02-24,1771894560000,19.0
2026-02-24,1771894680000,22.0
2026-02-24,1771894800000,19.0
2026-02-24,1771894920000,19.0
2026-02-24,1771895040000,18.0
2026-02-24,1771895160000,19.0
2026-02-24,1771895280000,17.0
2026-02-24,1771895400000,17.0
2026-02-24,1771895520000,17.0
2026-02-24,1771895640000,18.0
2026-02-24,1771895760000,14.0
2026-02-24,1771895880000,18.0
2026-02-24,1771896000000,15.0
2026-02-24,1771896120000,17.0
2026-02-24,1771896240000,16.0
2026-02-24,1771896360000,17.0
2026-02-24,1771896480000,16.0
2026-02-24,1771896600000,15.0
2026-02-24,1771896720000,15.0
2026-02-24,1771896840000,14.0
2026-02-24,1771896960000,13.0
2026-02-24,1771897080000,15.0
2026-02-24,1771897200000,14.0
2026-02-24,1771897320000,15.0
2026-02-24,1771897440000,15.0
2026-02-24,1771897560000,15.0
2026-02-24,1771897680000,15.0
2026-02-24,1771897800000,15.0
2026-02-24,1771897920000,15.0
2026-02-24,1771898040000,15.0
2026-02-24,1771898160000,15.0
2026-02-24,1771898280000,15.0
2026-02-24,1771898400000,15.0
2026-02-24,1771898520000,13.0
2026-02-24,1771898640000,15.0
2026-02-24,1771898760000,13.0
2026-02-24,1771898880000,15.0
2026-02-24,1771899000000,14.0
2026-02-24,1771899120000,15.0
2026-02-24,1771899240000,15.0
2026-02-24,1771899360000,15.0
2026-02-24,1771899480000,15.0
2026-02-24,1771899600000,15.0
2026-02-24,1771899720000,15.0
2026-02-24,1771899840000,16.0
2026-02-24,1771899960000,16.0
2026-02-24,1771900080000,16.0
2026-02-24,1771900200000,13.0
2026-02-24,1771900320000,15.0
2026-02-24,1771900440000,14.0
2026-02-24,1771900560000,14.0
2026-02-24,1771900680000,16.0
2026-02-24,1771900800000,16.0
2026-02-24,1771900920000,18.0
2026-02-24,1771901040000,19.0
2026-02-24,1771901160000,19.0
2026-02-24,1771901280000,16.0
2026-02-24,1771901400000,17.0
2026-02-24,1771901520000,18.0
2026-02-24,1771901640000,17.0
2026-02-24,1771901760000,18.0
2026-02-24,1771901880000,17.0
2026-02-24,1771902000000,20.0
2026-02-24,1771902120000,19.0
2026-02-24,1771902240000,19.0
2026-02-24,1771902360000,21.0
2026-02-24,1771902480000,20.0
2026-02-24,1771902600000,15.0
2026-02-24,1771902720000,19.0
2026-02-24,1771902840000,19.0
2026-02-24,1771902960000,21.0
2026-02-24,1771903080000,19.0
2026-02-24,1771903200000,18.0
2026-02-24,1771903320000,17.0
2026-02-24,1771903440000,18.0
2026-02-24,1771903560000,17.0
2026-02-24,1771903680000,16.0
2026-02-24,1771903800000,15.0
2026-02-24,1771903920000,17.0
2026-02-24,1771904040000,17.0
2026-02-24,1771904160000,16.0
2026-02-24,1771904280000,17.0
2026-02-24,1771904400000,17.0
2026-02-24,1771904520000,16.0
2026-02-24,1771904640000,16.0
2026-02-24,1771904760000,17.0
2026-02-24,1771904880000,17.0
2026-02-24,1771905000000,17.0
2026-02-24,1771905120000,17.0
2026-02-24,1771905240000,17.0
2026-02-24,1771905360000,14.0
2026-02-24,1771905480000,14.0
2026-02-24,1771905600000,14.0
2026-02-24,1771905720000,14.0
2026-02-24,1771905840000,14.0
2026-02-24,1771905960000,15.0
2026-02-24,1771906080000,14.0
2026-02-24,1771906200000,14.0
2026-02-24,1771906320000,13.0
2026-02-24,1771906440000,14.0
2026-02-24,1771906560000,13.0
2026-02-24,1771906680000,14.0
2026-02-24,1771906800000,18.0
2026-02-24,1771906920000,18.0
2026-02-24,1771907040000,18.0
2026-02-24,1771907160000,18.0
2026-02-24,1771907280000,19.0
2026-02-24,1771907400000,18.0
2026-02-24,1771907520000,16.0
2026-02-24,1771907640000,18.0
2026-02-24,1771907760000,19.0
2026-02-24,1771907880000,17.0
2026-02-24,1771908000000,17.0
2026-02-24,1771908120000,15.0
2026-02-24,1771908240000,17.0
2026-02-24,1771908360000,21.0
2026-02-24,1771908480000,17.0
2026-02-24,1771908600000,14.0
2026-02-24,1771908720000,15.0
2026-02-24,1771908840000,18.0
2026-02-24,1771908960000,18.0
2026-02-24,1771909080000,17.0
2026-02-24,1771909200000,20.0
2026-02-24,1771909320000,16.0
2026-02-24,1771909440000,16.0
2026-02-24,1771909560000,17.0
2026-02-24,1771909680000,16.0
2026-02-24,1771909800000,12.0
2026-02-24,1771909920000,14.0
2026-02-24,1771910040000,15.0
2026-02-24,1771910160000,15.0
2026-02-24,1771910280000,15.0
2026-02-24,1771910400000,15.0
2026-02-24,1771910520000,15.0
2026-02-24,1771910640000,14.0
2026-02-24,1771910760000,15.0
2026-02-24,1771910880000,14.0
2026-02-24,1771911000000,14.0
2026-02-24,1771911120000,14.0
2026-02-24,1771911240000,13.0
2026-02-24,1771911360000,13.0
2026-02-24,1771911480000,14.0
2026-02-24,1771911600000,13.0
2026-02-24,1771911720000,14.0
2026-02-24,1771911840000,17.0
2026-02-24,1771911960000,16.0
2026-02-24,1771912080000,17.0
2026-02-24,1771912200000,18.0
2026-02-24,1771912320000,19.0
2026-02-24,1771912440000,19.0
2026-02-24,1771912560000,19.0
2026-02-24,1771912680000,16.0
2026-02-24,1771912800000,17.0
2026-02-24,1771912920000,18.0
2026-02-24,1771913040000,16.0
2026-02-24,1771913160000,18.0
2026-02-24,1771913280000,21.0
2026-02-24,1771913400000,19.0
2026-02-24,1771913520000,18.0
2026-02-24,1771913640000,16.0
2026-02-24,1771913760000,18.0
2026-02-24,1771913880000,18.0
2026-02-24,1771914000000,17.0
2026-02-24,1771914120000,17.0
2026-02-24,1771914240000,16.0
2026-02-24,1771914360000,16.0
2026-02-24,1771914480000,18.0
2026-02-24,1771914600000,15.0
2026-02-24,1771914720000,16.0
2026-02-24,1771914840000,17.0
2026-02-24,1771914960000,15.0
2026-02-24,1771915080000,16.0
2026-02-24,1771915200000,15.0
2026-02-24,1771915320000,14.0
2026-02-24,1771915440000,14.0
2026-02-24,1771915560000,15.0
2026-02-24,1771915680000,15.0
2026-02-24,1771915800000,13.0
2026-02-24,1771915920000,14.0
2026-02-24,1771916040000,14.0
2026-02-24,1771916160000,13.0
2026-02-24,1771916280000,14.0
2026-02-24,1771916400000,14.0
2026-02-24,1771916520000,14.0
2026-02-24,1771916640000,14.0
2026-02-24,1771916760000,12.0
2026-02-24,1771916880000,13.0
2026-02-24,1771917000000,15.0
2026-02-24,1771917120000,13.0
2026-02-24,1771917240000,15.0
2026-02-24,1771917360000,15.0
2026-02-24,1771917480000,14.0
2026-02-24,1771917600000,15.0
2026-02-24,1771917720000,15.0
2026-02-24,1771917840000,15.0
2026-02-24,1771917960000,15.0
2026-02-24,1771918080000,15.0
2026-02-24,1771918200000,15.0
2026-02-24,1771918320000,15.0
2026-02-24,1771918440000,14.0
2026-02-24,1771918560000,15.0
2026-02-24,1771918680000,15.0
2026-02-24,1771918800000,14.0
2026-02-24,1771918920000,15.0
2026-02-24,1771919040000,15.0
2026-02-24,1771919160000,15.0
2026-02-24,1771919280000,15.0
2026-02-24,1771919400000,14.0
2026-02-24,1771919520000,15.0
2026-02-24,1771919640000,14.0
2026-02-24,1771919760000,13.0
2026-02-24,1771919880000,13.0
2026-02-24,1771920000000,14.0
2026-02-24,1771920120000,18.0
2026-02-24,1771920240000,17.0
2026-02-24,1771920360000,18.0
2026-02-24,1771920480000,16.0
2026-02-24,1771920600000,15.0
2026-02-24,1771920720000,13.0
2026-02-24,1771920840000,13.0
2026-02-24,1771920960000,14.0
2026-02-24,1771921080000,16.0
2026-02-24,1771921200000,15.0
2026-02-24,1771921320000,16.0
2026-02-24,1771921440000,16.0
2026-02-24,1771921560000,16.0
2026-02-24,1771921680000,15.0
2026-02-24,1771921800000,17.0
2026-02-24,1771921920000,19.0
2026-02-24,1771922040000,16.0
2026-02-24,1771922160000,16.0
2026-02-24,1771922280000,18.0
2026-02-24,1771922400000,17.0
2026-02-24,1771922520000,18.0
2026-02-24,1771922640000,15.0
2026-02-24,1771922760000,15.0
2026-02-24,1771922880000,15.0
2026-02-24,1771923000000,14.0
2026-02-24,1771923120000,15.0
2026-02-24,1771923240000,13.0
2026-02-24,1771923360000,13.0
2026-02-24,1771923480000,14.0
2026-02-24,1771923600000,17.0
2026-02-24,1771923720000,18.0
2026-02-24,1771923840000,18.0
2026-02-24,1771923960000,15.0
2026-02-24,1771924080000,17.0
2026-02-24,1771924200000,21.0
2026-02-24,1771924320000,22.0
2026-02-24,1771924440000,18.0
2026-02-24,1771924560000,17.0
2026-02-24,1771924680000,18.0
2026-02-24,1771924800000,19.0
