date,timestamp,hr_value
2026-02-16,1771202520000,81
2026-02-16,1771202640000,77
2026-02-16,1771202760000,74
2026-02-16,1771202880000,74
2026-02-16,1771203000000,89
2026-02-16,1771203120000,83
2026-02-16,1771203240000,83
2026-02-16,1771203360000,80
2026-02-16,1771203480000,76
2026-02-16,1771203600000,74
2026-02-16,1771203720000,75
2026-02-16,1771203840000,74
2026-02-16,1771203960000,74
2026-02-16,1771204080000,74
2026-02-16,1771204200000,73
2026-02-16,1771204320000,73
2026-02-16,1771204440000,74
2026-02-16,1771204560000,74
2026-02-16,1771204680000,73
2026-02-16,1771204800000,73
2026-02-16,1771204920000,73
2026-02-16,1771205040000,72
2026-02-16,1771205160000,73
2026-02-16,1771205280000,73
2026-02-16,1771205400000,73
2026-02-16,1771205520000,72
2026-02-16,1771205640000,72
2026-02-16,1771205760000,72
2026-02-16,1771205880000,72
2026-02-16,1771206000000,75
2026-02-16,1771206120000,73
2026-02-16,1771206240000,75
2026-02-16,1771206360000,75
2026-02-16,1771206480000,76
2026-02-16,1771206600000,74
2026-02-16,1771206720000,74
2026-02-16,1771206840000,73
2026-02-16,1771206960000,72
2026-02-16,1771207080000,71
2026-02-16,1771207200000,71
2026-02-16,1771207320000,69
2026-02-16,1771207440000,68
2026-02-16,1771207560000,68
2026-02-16,1771207680000,72
2026-02-16,1771207800000,65
2026-02-16,1771207920000,67
2026-02-16,1771208040000,65
2026-02-16,1771208160000,65
2026-02-16,1771208280000,65
2026-02-16,1771208400000,63
2026-02-16,1771208520000,64
2026-02-16,1771208640000,64
2026-02-16,1771208760000,63
2026-02-16,1771208880000,64
2026-02-16,1771209000000,65
2026-02-16,1771209120000,66
2026-02-16,1771209240000,66
2026-02-16,1771209360000,65
2026-02-16,1771209480000,66
2026-02-16,1771209600000,66
2026-02-16,1771209720000,66
2026-02-16,1771209840000,66
2026-02-16,1771209960000,69
2026-02-16,1771210080000,68
2026-02-16,1771210200000,68
2026-02-16,1771210320000,67
2026-02-16,1771210440000,67
2026-02-16,1771210560000,69
2026-02-16,1771210680000,69
2026-02-16,1771210800000,71
2026-02-16,1771210920000,70
2026-02-16,1771211040000,72
2026-02-16,1771211160000,72
2026-02-16,1771211280000,69
2026-02-16,1771211400000,70
2026-02-16,1771211520000,70
2026-02-16,1771211640000,70
2026-02-16,1771211760000,69
2026-02-16,1771211880000,70
2026-02-16,1771212000000,70
2026-02-16,1771212120000,69
2026-02-16,1771212240000,68
2026-02-16,1771212360000,68
2026-02-16,1771212480000,69
2026-02-16,1771212600000,69
2026-02-16,1771212720000,69
2026-02-16,1771212840000,69
2026-02-16,1771212960000,69
2026-02-16,1771213080000,68
2026-02-16,1771213200000,68
2026-02-16,1771213320000,68
2026-02-16,1771213440000,68
2026-02-16,1771213560000,69
2026-02-16,1771213680000,70
2026-02-16,1771213800000,70
2026-02-16,1771213920000,70
2026-02-16,1771214040000,70
2026-02-16,1771214160000,70
2026-02-16,1771214280000,70
2026-02-16,1771214400000,71
2026-02-16,1771214520000,71
2026-02-16,1771214640000,71
2026-02-16,1771214760000,70
2026-02-16,1771214880000,71
2026-02-16,1771215000000,74
2026-02-16,1771215120000,67
2026-02-16,1771215240000,68
2026-02-16,1771215360000,69
2026-02-16,1771215480000,68
2026-02-16,1771215600000,66
2026-02-16,1771215720000,69
2026-02-16,1771215840000,70
2026-02-16,1771215960000,70
2026-02-16,1771216080000,69
2026-02-16,1771216200000,68
2026-02-16,1771216320000,68
2026-02-16,1771216440000,68
2026-02-16,1771216560000,69
2026-02-16,1771216680000,69
2026-02-16,1771216800000,68
2026-02-16,1771216920000,66
2026-02-16,1771217040000,65
2026-02-16,1771217160000,68
2026-02-16,1771217280000,66
2026-02-16,1771217400000,67
2026-02-16,1771217520000,67
2026-02-16,1771217640000,67
2026-02-16,1771217760000,68
2026-02-16,1771217880000,66
2026-02-16,1771218000000,65
2026-02-16,1771218120000,67
2026-02-16,1771218240000,72
2026-02-16,1771218360000,68
2026-02-16,1771218480000,67
2026-02-16,1771218600000,65
2026-02-16,1771218720000,65
2026-02-16,1771218840000,64
2026-02-16,1771218960000,66
2026-02-16,1771219080000,66
2026-02-16,1771219200000,67
2026-02-16,1771219320000,69
2026-02-16,1771219440000,64
2026-02-16,1771219560000,68
2026-02-16,1771219680000,64
2026-02-16,1771219800000,64
2026-02-16,1771219920000,65
2026-02-16,1771220040000,64
2026-02-16,1771220160000,64
2026-02-16,1771220280000,65
2026-02-16,1771220400000,65
2026-02-16,1771220520000,65
2026-02-16,1771220640000,69
2026-02-16,1771220760000,64
2026-02-16,1771220880000,73
2026-02-16,1771221000000,72
2026-02-16,1771221120000,68
2026-02-16,1771221240000,67
2026-02-16,1771221360000,65
2026-02-16,1771221480000,68
2026-02-16,1771221600000,68
2026-02-16,1771221720000,65
2026-02-16,1771221840000,68
2026-02-16,1771221960000,72
2026-02-16,1771222080000,69
2026-02-16,1771222200000,70
2026-02-16,1771222320000,67
2026-02-16,1771222440000,68
2026-02-16,1771222560000,67
2026-02-16,1771222680000,67
2026-02-16,1771222800000,69
2026-02-16,1771222920000,68
2026-02-16,1771223040000,69
2026-02-16,1771223160000,68
2026-02-16,1771223280000,66
2026-02-16,1771223400000,70
2026-02-16,1771223520000,66
2026-02-16,1771223640000,69
2026-02-16,1771223760000,64
2026-02-16,1771223880000,67
2026-02-16,1771224000000,67
2026-02-16,1771224120000,66
2026-02-16,1771224240000,64
2026-02-16,1771224360000,67
2026-02-16,1771224480000,67
2026-02-16,1771224600000,66
2026-02-16,1771224720000,69
2026-02-16,1771224840000,65
2026-02-16,1771224960000,66
2026-02-16,1771225080000,66
2026-02-16,1771225200000,64
2026-02-16,1771225320000,65
2026-02-16,1771225440000,65
2026-02-16,1771225560000,63
2026-02-16,1771225680000,64
2026-02-16,1771225800000,63
2026-02-16,1771225920000,63
2026-02-16,1771226040000,64
2026-02-16,1771226160000,64
2026-02-16,1771226280000,64
2026-02-16,1771226400000,68
2026-02-16,1771226520000,62
2026-02-16,1771226640000,66
2026-02-16,1771226760000,67
2026-02-17,1771282080000,76
2026-02-17,1771282200000,77
2026-02-17,1771282320000,75
2026-02-17,1771282440000,73
2026-02-17,1771282560000,72
2026-02-17,1771282680000,73
2026-02-17,1771282800000,73
2026-02-17,1771282920000,74
2026-02-17,1771283040000,74
2026-02-17,1771283160000,73
2026-02-17,1771283280000,72
2026-02-17,1771283400000,73
2026-02-17,1771283520000,72
2026-02-17,1771283640000,73
2026-02-17,1771283760000,72
2026-02-17,1771283880000,72
2026-02-17,1771284000000,71
2026-02-17,1771284120000,72
2026-02-17,1771284240000,73
2026-02-17,1771284360000,71
2026-02-17,1771284480000,72
2026-02-17,1771284600000,73
2026-02-17,1771284720000,76
2026-02-17,1771284840000,83
2026-02-17,1771284960000,80
2026-02-17,1771285080000,80
2026-02-17,1771285200000,75
2026-02-17,1771285320000,71
2026-02-17,1771285440000,71
2026-02-17,1771285560000,71
2026-02-17,1771285680000,70
2026-02-17,1771285800000,70
2026-02-17,1771285920000,70
2026-02-17,1771286040000,68
2026-02-17,1771286160000,69
2026-02-17,1771286280000,71
2026-02-17,1771286400000,75
2026-02-17,1771286520000,70
2026-02-17,1771286640000,71
2026-02-17,1771286760000,71
2026-02-17,1771286880000,71
2026-02-17,1771287000000,71
2026-02-17,1771287120000,70
2026-02-17,1771287240000,71
2026-02-17,1771287360000,71
2026-02-17,1771287480000,71
2026-02-17,1771287600000,73
2026-02-17,1771287720000,72
2026-02-17,1771287840000,71
2026-02-17,1771287960000,71
2026-02-17,1771288080000,72
2026-02-17,1771288200000,70
2026-02-17,1771288320000,70
2026-02-17,1771288440000,71
2026-02-17,1771288560000,71
2026-02-17,1771288680000,70
2026-02-17,1771288800000,70
2026-02-17,1771288920000,78
2026-02-17,1771289040000,77
2026-02-17,1771289160000,71
2026-02-17,1771289280000,70
2026-02-17,1771289400000,68
2026-02-17,1771289520000,69
2026-02-17,1771289640000,69
2026-02-17,1771289760000,67
2026-02-17,1771289880000,67
2026-02-17,1771290000000,67
2026-02-17,1771290120000,67
2026-02-17,1771290240000,66
2026-02-17,1771290360000,69
2026-02-17,1771290480000,71
2026-02-17,1771290600000,67
2026-02-17,1771290720000,70
2026-02-17,1771290840000,69
2026-02-17,1771290960000,70
2026-02-17,1771291080000,68
2026-02-17,1771291200000,68
2026-02-17,1771291320000,75
2026-02-17,1771291440000,71
2026-02-17,1771291560000,69
2026-02-17,1771291680000,70
2026-02-17,1771291800000,68
2026-02-17,1771291920000,70
2026-02-17,1771292040000,69
2026-02-17,1771292160000,64
2026-02-17,1771292280000,64
2026-02-17,1771292400000,63
2026-02-17,1771292520000,63
2026-02-17,1771292640000,64
2026-02-17,1771292760000,63
2026-02-17,1771292880000,64
2026-02-17,1771293000000,64
2026-02-17,1771293120000,64
2026-02-17,1771293240000,65
2026-02-17,1771293360000,66
2026-02-17,1771293480000,66
2026-02-17,1771293600000,66
2026-02-17,1771293720000,66
2026-02-17,1771293840000,67
2026-02-17,1771293960000,67
2026-02-17,1771294080000,68
2026-02-17,1771294200000,68
2026-02-17,1771294320000,69
2026-02-17,1771294440000,69
2026-02-17,1771294560000,69
2026-02-17,1771294680000,69
2026-02-17,1771294800000,68
2026-02-17,1771294920000,69
2026-02-17,1771295040000,69
2026-02-17,1771295160000,69
2026-02-17,1771295280000,70
2026-02-17,1771295400000,70
2026-02-17,1771295520000,69
2026-02-17,1771295640000,69
2026-02-17,1771295760000,70
2026-02-17,1771295880000,70
2026-02-17,1771296000000,69
2026-02-17,1771296120000,69
2026-02-17,1771296240000,69
2026-02-17,1771296360000,68
2026-02-17,1771296480000,69
2026-02-17,1771296600000,73
2026-02-17,1771296720000,73
2026-02-17,1771296840000,74
2026-02-17,1771296960000,72
2026-02-17,1771297080000,74
2026-02-17,1771297200000,71
2026-02-17,1771297320000,72
2026-02-17,1771297440000,71
2026-02-17,1771297560000,71
2026-02-17,1771297680000,69
2026-02-17,1771297800000,72
2026-02-17,1771297920000,70
2026-02-17,1771298040000,67
2026-02-17,1771298160000,68
2026-02-17,1771298280000,68
2026-02-17,1771298400000,70
2026-02-17,1771298520000,67
2026-02-17,1771298640000,67
2026-02-17,1771298760000,65
2026-02-17,1771298880000,64
2026-02-17,1771299000000,66
2026-02-17,1771299120000,65
2026-02-17,1771299240000,65
2026-02-17,1771299360000,66
2026-02-17,1771299480000,64
2026-02-17,1771299600000,64
2026-02-17,1771299720000,64
2026-02-17,1771299840000,64
2026-02-17,1771299960000,64
2026-02-17,1771300080000,66
2026-02-17,1771300200000,66
2026-02-17,1771300320000,65
2026-02-17,1771300440000,64
2026-02-17,1771300560000,63
2026-02-17,1771300680000,63
2026-02-17,1771300800000,63
2026-02-17,1771300920000,67
2026-02-17,1771301040000,63
2026-02-17,1771301160000,64
2026-02-17,1771301280000,62
2026-02-17,1771301400000,63
2026-02-17,1771301520000,62
2026-02-17,1771301640000,67
2026-02-17,1771301760000,64
2026-02-17,1771301880000,64
2026-02-17,1771302000000,64
2026-02-17,1771302120000,63
2026-02-17,1771302240000,64
2026-02-17,1771302360000,66
2026-02-17,1771302480000,72
2026-02-17,1771302600000,72
2026-02-17,1771302720000,72
2026-02-17,1771302840000,75
2026-02-17,1771302960000,68
2026-02-17,1771303080000,66
2026-02-17,1771303200000,65
2026-02-17,1771303320000,64
2026-02-17,1771303440000,63
2026-02-17,1771303560000,63
2026-02-17,1771303680000,62
2026-02-17,1771303800000,66
2026-02-17,1771303920000,66
2026-02-17,1771304040000,72
2026-02-17,1771304160000,67
2026-02-17,1771304280000,72
2026-02-17,1771304400000,73
2026-02-17,1771304520000,69
2026-02-17,1771304640000,65
2026-02-17,1771304760000,69
2026-02-17,1771304880000,68
2026-02-17,1771305000000,68
2026-02-17,1771305120000,66
2026-02-17,1771305240000,67
2026-02-17,1771305360000,65
2026-02-17,1771305480000,67
2026-02-17,1771305600000,63
2026-02-17,1771305720000,68
2026-02-17,1771305840000,68
2026-02-17,1771305960000,66
2026-02-17,1771306080000,64
2026-02-17,1771306200000,64
2026-02-17,1771306320000,62
2026-02-17,1771306440000,64
2026-02-17,1771306560000,62
2026-02-17,1771306680000,64
2026-02-17,1771306800000,61
2026-02-17,1771306920000,64
2026-02-17,1771307040000,62
2026-02-17,1771307160000,64
2026-02-17,1771307280000,62
2026-02-17,1771307400000,61
2026-02-17,1771307520000,60
2026-02-17,1771307640000,60
2026-02-18,1771372320000,65
2026-02-18,1771372440000,64
2026-02-18,1771372560000,63
2026-02-18,1771372680000,62
2026-02-18,1771372800000,63
2026-02-18,1771372920000,64
2026-02-18,1771373040000,63
2026-02-18,1771373160000,65
2026-02-18,1771373280000,65
2026-02-18,1771373400000,66
2026-02-18,1771373520000,65
2026-02-18,1771373640000,64
2026-02-18,1771373760000,64
2026-02-18,1771373880000,64
2026-02-18,1771374000000,66
2026-02-18,1771374120000,65
2026-02-18,1771374240000,65
2026-02-18,1771374360000,66
2026-02-18,1771374480000,67
2026-02-18,1771374600000,68
2026-02-18,1771374720000,69
2026-02-18,1771374840000,70
2026-02-18,1771374960000,71
2026-02-18,1771375080000,73
2026-02-18,1771375200000,73
2026-02-18,1771375320000,73
2026-02-18,1771375440000,74
2026-02-18,1771375560000,73
2026-02-18,1771375680000,79
2026-02-18,1771375800000,78
2026-02-18,1771375920000,74
2026-02-18,1771376040000,73
2026-02-18,1771376160000,75
2026-02-18,1771376280000,73
2026-02-18,1771376400000,73
2026-02-18,1771376520000,76
2026-02-18,1771376640000,73
2026-02-18,1771376760000,73
2026-02-18,1771376880000,72
2026-02-18,1771377000000,70
2026-02-18,1771377120000,70
2026-02-18,1771377240000,70
2026-02-18,1771377360000,69
2026-02-18,1771377480000,67
2026-02-18,1771377600000,66
2026-02-18,1771377720000,73
2026-02-18,1771377840000,68
2026-02-18,1771377960000,66
2026-02-18,1771378080000,65
2026-02-18,1771378200000,66
2026-02-18,1771378320000,66
2026-02-18,1771378440000,65
2026-02-18,1771378560000,66
2026-02-18,1771378680000,67
2026-02-18,1771378800000,66
2026-02-18,1771378920000,66
2026-02-18,1771379040000,66
2026-02-18,1771379160000,66
2026-02-18,1771379280000,65
2026-02-18,1771379400000,66
2026-02-18,1771379520000,65
2026-02-18,1771379640000,71
2026-02-18,1771379760000,69
2026-02-18,1771379880000,71
2026-02-18,1771380000000,66
2026-02-18,1771380120000,64
2026-02-18,1771380240000,64
2026-02-18,1771380360000,64
2026-02-18,1771380480000,63
2026-02-18,1771380600000,65
2026-02-18,1771380720000,66
2026-02-18,1771380840000,65
2026-02-18,1771380960000,67
2026-02-18,1771381080000,63
2026-02-18,1771381200000,62
2026-02-18,1771381320000,61
2026-02-18,1771381440000,60
2026-02-18,1771381560000,60
2026-02-18,1771381680000,61
2026-02-18,1771381800000,63
2026-02-18,1771381920000,65
2026-02-18,1771382040000,64
2026-02-18,1771382160000,65
2026-02-18,1771382280000,63
2026-02-18,1771382400000,65
2026-02-18,1771382520000,66
2026-02-18,1771382640000,68
2026-02-18,1771382760000,66
2026-02-18,1771382880000,66
2026-02-18,1771383000000,78
2026-02-18,1771383120000,77
2026-02-18,1771383240000,75
2026-02-18,1771383360000,71
2026-02-18,1771383480000,71
2026-02-18,1771383600000,75
2026-02-18,1771383720000,75
2026-02-18,1771383840000,75
2026-02-18,1771383960000,74
2026-02-18,1771384080000,72
2026-02-18,1771384200000,73
2026-02-18,1771384320000,70
2026-02-18,1771384440000,68
2026-02-18,1771384560000,70
2026-02-18,1771384680000,68
2026-02-18,1771384800000,73
2026-02-18,1771384920000,73
2026-02-18,1771385040000,73
2026-02-18,1771385160000,71
2026-02-18,1771385280000,71
2026-02-18,1771385400000,70
2026-02-18,1771385520000,70
2026-02-18,1771385640000,69
2026-02-18,1771385760000,68
2026-02-18,1771385880000,69
2026-02-18,1771386000000,64
2026-02-18,1771386120000,64
2026-02-18,1771386240000,66
2026-02-18,1771386360000,66
2026-02-18,1771386480000,63
2026-02-18,1771386600000,63
2026-02-18,1771386720000,63
2026-02-18,1771386840000,63
2026-02-18,1771386960000,66
2026-02-18,1771387080000,65
2026-02-18,1771387200000,66
2026-02-18,1771387320000,66
2026-02-18,1771387440000,69
2026-02-18,1771387560000,77
2026-02-18,1771387680000,69
2026-02-18,1771387800000,67
2026-02-18,1771387920000,67
2026-02-18,1771388040000,67
2026-02-18,1771388160000,66
2026-02-18,1771388280000,68
2026-02-18,1771388400000,68
2026-02-18,1771388520000,67
2026-02-18,1771388640000,68
2026-02-18,1771388760000,67
2026-02-18,1771388880000,66
2026-02-18,1771389000000,65
2026-02-18,1771389120000,67
2026-02-18,1771389240000,65
2026-02-18,1771389360000,65
2026-02-18,1771389480000,66
2026-02-18,1771389600000,65
2026-02-18,1771389720000,65
2026-02-18,1771389840000,65
2026-02-18,1771389960000,66
2026-02-18,1771390080000,66
2026-02-18,1771390200000,65
2026-02-18,1771390320000,66
2026-02-18,1771390440000,68
2026-02-18,1771390560000,71
2026-02-18,1771390680000,63
2026-02-18,1771390800000,65
2026-02-18,1771390920000,67
2026-02-18,1771391040000,68
2026-02-18,1771391160000,68
2026-02-18,1771391280000,71
2026-02-18,1771391400000,68
2026-02-18,1771391520000,68
2026-02-18,1771391640000,72
2026-02-18,1771391760000,65
2026-02-18,1771391880000,68
2026-02-18,1771392000000,66
2026-02-18,1771392120000,66
2026-02-18,1771392240000,64
2026-02-18,1771392360000,63
2026-02-18,1771392480000,63
2026-02-18,1771392600000,61
2026-02-18,1771392720000,60
2026-02-18,1771392840000,60
2026-02-18,1771392960000,60
2026-02-18,1771393080000,59
2026-02-18,1771393200000,59
2026-02-18,1771393320000,60
2026-02-18,1771393440000,60
2026-02-18,1771393560000,61
2026-02-18,1771393680000,63
2026-02-18,1771393800000,61
2026-02-18,1771393920000,61
2026-02-18,1771394040000,59
2026-02-18,1771394160000,60
2026-02-18,1771394280000,59
2026-02-18,1771394400000,61
2026-02-18,1771394520000,60
2026-02-18,1771394640000,59
2026-02-18,1771394760000,59
2026-02-18,1771394880000,61
2026-02-18,1771395000000,59
2026-02-18,1771395120000,60
2026-02-18,1771395240000,64
2026-02-18,1771395360000,61
2026-02-18,1771395480000,63
2026-02-18,1771395600000,66
2026-02-18,1771395720000,60
2026-02-18,1771395840000,59
2026-02-18,1771395960000,68
2026-02-18,1771396080000,64
2026-02-18,1771396200000,64
2026-02-18,1771396320000,60
2026-02-18,1771396440000,64
2026-02-18,1771396560000,64
2026-02-18,1771396680000,67
2026-02-18,1771396800000,60
2026-02-18,1771396920000,60
2026-02-18,1771397040000,61
2026-02-18,1771397160000,63
2026-02-18,1771397280000,62
2026-02-18,1771397400000,59
2026-02-18,1771397520000,60
2026-02-18,1771397640000,60
2026-02-18,1771397760000,61
2026-02-18,1771397880000,60
2026-02-18,1771398000000,61
2026-02-18,1771398120000,59
2026-02-18,1771398240000,61
2026-02-18,1771398360000,67
2026-02-18,1771398480000,63
2026-02-18,1771398600000,62
2026-02-18,1771398720000,61
2026-02-18,1771398840000,62
2026-02-18,1771398960000,62
2026-02-18,1771399080000,62
2026-02-18,1771399200000,61
2026-02-18,1771399320000,62
2026-02-18,1771399440000,63
2026-02-18,1771399560000,61
2026-02-18,1771399680000,62
2026-02-18,1771399800000,62
2026-02-18,1771399920000,61
2026-02-18,1771400040000,61
2026-02-18,1771400160000,62
2026-02-18,1771400280000,65
2026-02-18,1771400400000,61
2026-02-18,1771400520000,61
2026-02-18,1771400640000,63
2026-02-19,1771458240000,74
2026-02-19,1771458360000,71
2026-02-19,1771458480000,72
2026-02-19,1771458600000,71
2026-02-19,1771458720000,70
2026-02-19,1771458840000,71
2026-02-19,1771458960000,71
2026-02-19,1771459080000,70
2026-02-19,1771459200000,69
2026-02-19,1771459320000,70
2026-02-19,1771459440000,70
2026-02-19,1771459560000,71
2026-02-19,1771459680000,71
2026-02-19,1771459800000,72
2026-02-19,1771459920000,72
2026-02-19,1771460040000,73
2026-02-19,1771460160000,73
2026-02-19,1771460280000,74
2026-02-19,1771460400000,73
2026-02-19,1771460520000,74
2026-02-19,1771460640000,75
2026-02-19,1771460760000,74
2026-02-19,1771460880000,75
2026-02-19,1771461000000,75
2026-02-19,1771461120000,74
2026-02-19,1771461240000,73
2026-02-19,1771461360000,73
2026-02-19,1771461480000,73
2026-02-19,1771461600000,73
2026-02-19,1771461720000,72
2026-02-19,1771461840000,72
2026-02-19,1771461960000,77
2026-02-19,1771462080000,75
2026-02-19,1771462200000,76
2026-02-19,1771462320000,75
2026-02-19,1771462440000,76
2026-02-19,1771462560000,75
2026-02-19,1771462680000,75
2026-02-19,1771462800000,74
2026-02-19,1771462920000,76
2026-02-19,1771463040000,74
2026-02-19,1771463160000,75
2026-02-19,1771463280000,75
2026-02-19,1771463400000,79
2026-02-19,1771463520000,73
2026-02-19,1771463640000,73
2026-02-19,1771463760000,73
2026-02-19,1771463880000,74
2026-02-19,1771464000000,73
2026-02-19,1771464120000,76
2026-02-19,1771464240000,83
2026-02-19,1771464360000,76
2026-02-19,1771464480000,76
2026-02-19,1771464600000,75
2026-02-19,1771464720000,73
2026-02-19,1771464840000,73
2026-02-19,1771464960000,72
2026-02-19,1771465080000,71
2026-02-19,1771465200000,76
2026-02-19,1771465320000,72
2026-02-19,1771465440000,70
2026-02-19,1771465560000,71
2026-02-19,1771465680000,73
2026-02-19,1771465800000,71
2026-02-19,1771465920000,71
2026-02-19,1771466040000,71
2026-02-19,1771466160000,72
2026-02-19,1771466280000,72
2026-02-19,1771466400000,71
2026-02-19,1771466520000,71
2026-02-19,1771466640000,70
2026-02-19,1771466760000,71
2026-02-19,1771466880000,70
2026-02-19,1771467000000,70
2026-02-19,1771467120000,70
2026-02-19,1771467240000,70
2026-02-19,1771467360000,78
2026-02-19,1771467480000,70
2026-02-19,1771467600000,72
2026-02-19,1771467720000,70
2026-02-19,1771467840000,69
2026-02-19,1771467960000,70
2026-02-19,1771468080000,70
2026-02-19,1771468200000,68
2026-02-19,1771468320000,74
2026-02-19,1771468440000,71
2026-02-19,1771468560000,69
2026-02-19,1771468680000,70
2026-02-19,1771468800000,68
2026-02-19,1771468920000,69
2026-02-19,1771469040000,68
2026-02-19,1771469160000,69
2026-02-19,1771469280000,67
2026-02-19,1771469400000,71
2026-02-19,1771469520000,65
2026-02-19,1771469640000,72
2026-02-19,1771469760000,70
2026-02-19,1771469880000,68
2026-02-19,1771470000000,67
2026-02-19,1771470120000,76
2026-02-19,1771470240000,74
2026-02-19,1771470360000,69
2026-02-19,1771470480000,67
2026-02-19,1771470600000,67
2026-02-19,1771470720000,66
2026-02-19,1771470840000,66
2026-02-19,1771470960000,66
2026-02-19,1771471080000,65
2026-02-19,1771471200000,67
2026-02-19,1771471320000,66
2026-02-19,1771471440000,67
2026-02-19,1771471560000,67
2026-02-19,1771471680000,67
2026-02-19,1771471800000,66
2026-02-19,1771471920000,67
2026-02-19,1771472040000,66
2026-02-19,1771472160000,65
2026-02-19,1771472280000,67
2026-02-19,1771472400000,67
2026-02-19,1771472520000,68
2026-02-19,1771472640000,68
2026-02-19,1771472760000,64
2026-02-19,1771472880000,62
2026-02-19,1771473000000,63
2026-02-19,1771473120000,64
2026-02-19,1771473240000,63
2026-02-19,1771473360000,61
2026-02-19,1771473480000,62
2026-02-19,1771473600000,62
2026-02-19,1771473720000,62
2026-02-19,1771473840000,62
2026-02-19,1771473960000,63
2026-02-19,1771474080000,66
2026-02-19,1771474200000,65
2026-02-19,1771474320000,65
2026-02-19,1771474440000,64
2026-02-19,1771474560000,64
2026-02-19,1771474680000,63
2026-02-19,1771474800000,64
2026-02-19,1771474920000,70
2026-02-19,1771475040000,63
2026-02-19,1771475160000,65
2026-02-19,1771475280000,64
2026-02-19,1771475400000,64
2026-02-19,1771475520000,63
2026-02-19,1771475640000,63
2026-02-19,1771475760000,62
2026-02-19,1771475880000,63
2026-02-19,1771476000000,66
2026-02-19,1771476120000,64
2026-02-19,1771476240000,64
2026-02-19,1771476360000,63
2026-02-19,1771476480000,63
2026-02-19,1771476600000,63
2026-02-19,1771476720000,62
2026-02-19,1771476840000,63
2026-02-19,1771476960000,61
2026-02-19,1771477080000,65
2026-02-19,1771477200000,62
2026-02-19,1771477320000,61
2026-02-19,1771477440000,62
2026-02-19,1771477560000,62
2026-02-19,1771477680000,60
2026-02-19,1771477800000,61
2026-02-19,1771477920000,61
2026-02-19,1771478040000,63
2026-02-19,1771478160000,62
2026-02-19,1771478280000,62
2026-02-19,1771478400000,61
2026-02-19,1771478520000,62
2026-02-19,1771478640000,63
2026-02-19,1771478760000,63
2026-02-19,1771478880000,62
2026-02-19,1771479000000,62
2026-02-19,1771479120000,63
2026-02-19,1771479240000,63
2026-02-19,1771479360000,65
2026-02-19,1771479480000,70
2026-02-19,1771479600000,70
2026-02-19,1771479720000,63
2026-02-19,1771479840000,63
2026-02-19,1771479960000,65
2026-02-19,1771480080000,60
2026-02-19,1771480200000,62
2026-02-19,1771480320000,63
2026-02-19,1771480440000,65
2026-02-19,1771480560000,63
2026-02-19,1771480680000,63
2026-02-19,1771480800000,62
2026-02-19,1771480920000,62
2026-02-19,1771481040000,63
2026-02-19,1771481160000,66
2026-02-19,1771481280000,64
2026-02-19,1771481400000,64
2026-02-19,1771481520000,61
2026-02-19,1771481640000,61
2026-02-19,1771481760000,62
2026-02-19,1771481880000,63
2026-02-19,1771482000000,62
2026-02-19,1771482120000,62
2026-02-19,1771482240000,64
2026-02-19,1771482360000,66
2026-02-19,1771482480000,62
2026-02-19,1771482600000,62
2026-02-19,1771482720000,63
2026-02-19,1771482840000,63
2026-02-19,1771482960000,63
2026-02-19,1771483080000,65
2026-02-19,1771483200000,63
2026-02-19,1771483320000,64
2026-02-19,1771483440000,65
2026-02-19,1771483560000,68
2026-02-19,1771483680000,64
2026-02-19,1771483800000,67
2026-02-19,1771483920000,63
2026-02-19,1771484040000,68
2026-02-19,1771484160000,73
2026-02-19,1771484280000,72
2026-02-19,1771484400000,66
2026-02-19,1771484520000,65
2026-02-19,1771484640000,65
2026-02-19,1771484760000,64
2026-02-19,1771484880000,65
2026-02-19,1771485000000,62
2026-02-20,1771542360000,76
2026-02-20,1771542480000,75
2026-02-20,1771542600000,75
2026-02-20,1771542720000,75
2026-02-20,1771542840000,73
2026-02-20,1771542960000,71
2026-02-20,1771543080000,71
2026-02-20,1771543200000,72
2026-02-20,1771543320000,73
2026-02-20,1771543440000,73
2026-02-20,1771543560000,72
2026-02-20,1771543680000,73
2026-02-20,1771543800000,73
2026-02-20,1771543920000,74
2026-02-20,1771544040000,74
2026-02-20,1771544160000,73
2026-02-20,1771544280000,73
2026-02-20,1771544400000,74
2026-02-20,1771544520000,74
2026-02-20,1771544640000,74
2026-02-20,1771544760000,74
2026-02-20,1771544880000,75
2026-02-20,1771545000000,74
2026-02-20,1771545120000,76
2026-02-20,1771545240000,76
2026-02-20,1771545360000,76
2026-02-20,1771545480000,78
2026-02-20,1771545600000,83
2026-02-20,1771545720000,82
2026-02-20,1771545840000,78
2026-02-20,1771545960000,75
2026-02-20,1771546080000,74
2026-02-20,1771546200000,72
2026-02-20,1771546320000,72
2026-02-20,1771546440000,72
2026-02-20,1771546560000,71
2026-02-20,1771546680000,72
2026-02-20,1771546800000,72
2026-02-20,1771546920000,75
2026-02-20,1771547040000,77
2026-02-20,1771547160000,76
2026-02-20,1771547280000,74
2026-02-20,1771547400000,73
2026-02-20,1771547520000,75
2026-02-20,1771547640000,79
2026-02-20,1771547760000,75
2026-02-20,1771547880000,75
2026-02-20,1771548000000,78
2026-02-20,1771548120000,77
2026-02-20,1771548240000,77
2026-02-20,1771548360000,75
2026-02-20,1771548480000,75
2026-02-20,1771548600000,78
2026-02-20,1771548720000,72
2026-02-20,1771548840000,73
2026-02-20,1771548960000,70
2026-02-20,1771549080000,71
2026-02-20,1771549200000,70
2026-02-20,1771549320000,69
2026-02-20,1771549440000,69
2026-02-20,1771549560000,69
2026-02-20,1771549680000,68
2026-02-20,1771549800000,68
2026-02-20,1771549920000,69
2026-02-20,1771550040000,68
2026-02-20,1771550160000,68
2026-02-20,1771550280000,68
2026-02-20,1771550400000,68
2026-02-20,1771550520000,68
2026-02-20,1771550640000,69
2026-02-20,1771550760000,68
2026-02-20,1771550880000,73
2026-02-20,1771551000000,71
2026-02-20,1771551120000,70
2026-02-20,1771551240000,69
2026-02-20,1771551360000,67
2026-02-20,1771551480000,67
2026-02-20,1771551600000,67
2026-02-20,1771551720000,67
2026-02-20,1771551840000,70
2026-02-20,1771551960000,67
2026-02-20,1771552080000,68
2026-02-20,1771552200000,70
2026-02-20,1771552320000,68
2026-02-20,1771552440000,67
2026-02-20,1771552560000,74
2026-02-20,1771552680000,67
2026-02-20,1771552800000,69
2026-02-20,1771552920000,64
2026-02-20,1771553040000,65
2026-02-20,1771553160000,65
2026-02-20,1771553280000,64
2026-02-20,1771553400000,68
2026-02-20,1771553520000,68
2026-02-20,1771553640000,69
2026-02-20,1771553760000,68
2026-02-20,1771553880000,68
2026-02-20,1771554000000,69
2026-02-20,1771554120000,69
2026-02-20,1771554240000,66
2026-02-20,1771554360000,74
2026-02-20,1771554480000,69
2026-02-20,1771554600000,68
2026-02-20,1771554720000,70
2026-02-20,1771554840000,71
2026-02-20,1771554960000,72
2026-02-20,1771555080000,74
2026-02-20,1771555200000,69
2026-02-20,1771555320000,70
2026-02-20,1771555440000,75
2026-02-20,1771555560000,71
2026-02-20,1771555680000,70
2026-02-20,1771555800000,68
2026-02-20,1771555920000,70
2026-02-20,1771556040000,72
2026-02-20,1771556160000,73
2026-02-20,1771556280000,66
2026-02-20,1771556400000,65
2026-02-20,1771556520000,69
2026-02-20,1771556640000,70
2026-02-20,1771556760000,66
2026-02-20,1771556880000,64
2026-02-20,1771557000000,71
2026-02-20,1771557120000,68
2026-02-20,1771557240000,66
2026-02-20,1771557360000,65
2026-02-20,1771557480000,63
2026-02-20,1771557600000,63
2026-02-20,1771557720000,63
2026-02-20,1771557840000,62
2026-02-20,1771557960000,63
2026-02-20,1771558080000,63
2026-02-20,1771558200000,61
2026-02-20,1771558320000,61
2026-02-20,1771558440000,62
2026-02-20,1771558560000,61
2026-02-20,1771558680000,61
2026-02-20,1771558800000,61
2026-02-20,1771558920000,61
2026-02-20,1771559040000,67
2026-02-20,1771559160000,67
2026-02-20,1771559280000,61
2026-02-20,1771559400000,62
2026-02-20,1771559520000,61
2026-02-20,1771559640000,62
2026-02-20,1771559760000,61
2026-02-20,1771559880000,61
2026-02-20,1771560000000,61
2026-02-20,1771560120000,62
2026-02-20,1771560240000,62
2026-02-20,1771560360000,62
2026-02-20,1771560480000,62
2026-02-20,1771560600000,64
2026-02-20,1771560720000,63
2026-02-20,1771560840000,64
2026-02-20,1771560960000,65
2026-02-20,1771561080000,65
2026-02-20,1771561200000,65
2026-02-20,1771561320000,66
2026-02-20,1771561440000,69
2026-02-20,1771561560000,70
2026-02-20,1771561680000,67
2026-02-20,1771561800000,67
2026-02-20,1771561920000,61
2026-02-20,1771562040000,65
2026-02-20,1771562160000,65
2026-02-20,1771562280000,68
2026-02-20,1771562400000,67
2026-02-20,1771562520000,66
2026-02-20,1771562640000,67
2026-02-20,1771562760000,65
2026-02-20,1771562880000,67
2026-02-20,1771563000000,67
2026-02-20,1771563120000,66
2026-02-20,1771563240000,70
2026-02-20,1771563360000,65
2026-02-20,1771563480000,64
2026-02-20,1771563600000,64
2026-02-20,1771563720000,64
2026-02-20,1771563840000,65
2026-02-20,1771563960000,63
2026-02-20,1771564080000,69
2026-02-20,1771564200000,65
2026-02-20,1771564320000,67
2026-02-20,1771564440000,66
2026-02-20,1771564560000,71
2026-02-20,1771564680000,67
2026-02-20,1771564800000,69
2026-02-20,1771564920000,67
2026-02-20,1771565040000,64
2026-02-20,1771565160000,63
2026-02-20,1771565280000,64
2026-02-20,1771565400000,62
2026-02-20,1771565520000,60
2026-02-20,1771565640000,62
2026-02-20,1771565760000,61
2026-02-20,1771565880000,63
2026-02-20,1771566000000,61
2026-02-20,1771566120000,61
2026-02-20,1771566240000,62
2026-02-21,1771628280000,76
2026-02-21,1771628400000,74
2026-02-21,1771628520000,71
2026-02-21,1771628640000,72
2026-02-21,1771628760000,74
2026-02-21,1771628880000,70
2026-02-21,1771629000000,69
2026-02-21,1771629120000,68
2026-02-21,1771629240000,69
2026-02-21,1771629360000,70
2026-02-21,1771629480000,73
2026-02-21,1771629600000,76
2026-02-21,1771629720000,71
2026-02-21,1771629840000,69
2026-02-21,1771629960000,68
2026-02-21,1771630080000,68
2026-02-21,1771630200000,68
2026-02-21,1771630320000,68
2026-02-21,1771630440000,68
2026-02-21,1771630560000,68
2026-02-21,1771630680000,68
2026-02-21,1771630800000,68
2026-02-21,1771630920000,68
2026-02-21,1771631040000,68
2026-02-21,1771631160000,68
2026-02-21,1771631280000,68
2026-02-21,1771631400000,69
2026-02-21,1771631520000,71
2026-02-21,1771631640000,70
2026-02-21,1771631760000,69
2026-02-21,1771631880000,69
2026-02-21,1771632000000,69
2026-02-21,1771632120000,70
2026-02-21,1771632240000,70
2026-02-21,1771632360000,71
2026-02-21,1771632480000,73
2026-02-21,1771632600000,73
2026-02-21,1771632720000,72
2026-02-21,1771632840000,74
2026-02-21,1771632960000,74
2026-02-21,1771633080000,74
2026-02-21,1771633200000,73
2026-02-21,1771633320000,74
2026-02-21,1771633440000,73
2026-02-21,1771633560000,73
2026-02-21,1771633680000,72
2026-02-21,1771633800000,71
2026-02-21,1771633920000,70
2026-02-21,1771634040000,68
2026-02-21,1771634160000,68
2026-02-21,1771634280000,68
2026-02-21,1771634400000,67
2026-02-21,1771634520000,72
2026-02-21,1771634640000,66
2026-02-21,1771634760000,67
2026-02-21,1771634880000,67
2026-02-21,1771635000000,68
2026-02-21,1771635120000,67
2026-02-21,1771635240000,62
2026-02-21,1771635360000,63
2026-02-21,1771635480000,62
2026-02-21,1771635600000,62
2026-02-21,1771635720000,64
2026-02-21,1771635840000,64
2026-02-21,1771635960000,63
2026-02-21,1771636080000,64
2026-02-21,1771636200000,65
2026-02-21,1771636320000,68
2026-02-21,1771636440000,63
2026-02-21,1771636560000,63
2026-02-21,1771636680000,62
2026-02-21,1771636800000,62
2026-02-21,1771636920000,61
2026-02-21,1771637040000,62
2026-02-21,1771637160000,63
2026-02-21,1771637280000,64
2026-02-21,1771637400000,73
2026-02-21,1771637520000,62
2026-02-21,1771637640000,61
2026-02-21,1771637760000,61
2026-02-21,1771637880000,59
2026-02-21,1771638000000,59
2026-02-21,1771638120000,60
2026-02-21,1771638240000,59
2026-02-21,1771638360000,60
2026-02-21,1771638480000,60
2026-02-21,1771638600000,61
2026-02-21,1771638720000,60
2026-02-21,1771638840000,61
2026-02-21,1771638960000,61
2026-02-21,1771639080000,61
2026-02-21,1771639200000,60
2026-02-21,1771639320000,61
2026-02-21,1771639440000,60
2026-02-21,1771639560000,61
2026-02-21,1771639680000,61
2026-02-21,1771639800000,61
2026-02-21,1771639920000,61
2026-02-21,1771640040000,62
2026-02-21,1771640160000,61
2026-02-21,1771640280000,61
2026-02-21,1771640400000,62
2026-02-21,1771640520000,62
2026-02-21,1771640640000,62
2026-02-21,1771640760000,62
2026-02-21,1771640880000,61
2026-02-21,1771641000000,61
2026-02-21,1771641120000,62
2026-02-21,1771641240000,70
2026-02-21,1771641360000,65
2026-02-21,1771641480000,66
2026-02-21,1771641600000,64
2026-02-21,1771641720000,68
2026-02-21,1771641840000,69
2026-02-21,1771641960000,70
2026-02-21,1771642080000,68
2026-02-21,1771642200000,67
2026-02-21,1771642320000,66
2026-02-21,1771642440000,66
2026-02-21,1771642560000,67
2026-02-21,1771642680000,64
2026-02-21,1771642800000,62
2026-02-21,1771642920000,65
2026-02-21,1771643040000,63
2026-02-21,1771643160000,65
2026-02-21,1771643280000,66
2026-02-21,1771643400000,64
2026-02-21,1771643520000,63
2026-02-21,1771643640000,62
2026-02-21,1771643760000,61
2026-02-21,1771643880000,62
2026-02-21,1771644000000,61
2026-02-21,1771644120000,61
2026-02-21,1771644240000,61
2026-02-21,1771644360000,61
2026-02-21,1771644480000,61
2026-02-21,1771644600000,61
2026-02-21,1771644720000,61
2026-02-21,1771644840000,62
2026-02-21,1771644960000,63
2026-02-21,1771645080000,62
2026-02-21,1771645200000,67
2026-02-21,1771645320000,62
2026-02-21,1771645440000,63
2026-02-21,1771645560000,63
2026-02-21,1771645680000,62
2026-02-21,1771645800000,62
2026-02-21,1771645920000,62
2026-02-21,1771646040000,62
2026-02-21,1771646160000,60
2026-02-21,1771646280000,59
2026-02-21,1771646400000,59
2026-02-21,1771646520000,59
2026-02-21,1771646640000,59
2026-02-21,1771646760000,63
2026-02-21,1771646880000,59
2026-02-21,1771647000000,60
2026-02-21,1771647120000,60
2026-02-21,1771647240000,64
2026-02-21,1771647360000,63
2026-02-21,1771647480000,65
2026-02-21,1771647600000,65
2026-02-21,1771647720000,67
2026-02-21,1771647840000,65
2026-02-21,1771647960000,64
2026-02-21,1771648080000,72
2026-02-21,1771648200000,65
2026-02-21,1771648320000,65
2026-02-21,1771648440000,66
2026-02-21,1771648560000,65
2026-02-21,1771648680000,63
2026-02-21,1771648800000,68
2026-02-21,1771648920000,62
2026-02-21,1771649040000,64
2026-02-21,1771649160000,63
2026-02-21,1771649280000,63
2026-02-21,1771649400000,64
2026-02-21,1771649520000,65
2026-02-21,1771649640000,66
2026-02-21,1771649760000,62
2026-02-21,1771649880000,78
2026-02-21,1771650000000,79
2026-02-21,1771650120000,79
2026-02-21,1771650240000,80
2026-02-21,1771650360000,74
2026-02-21,1771650480000,76
2026-02-21,1771650600000,78
2026-02-21,1771650720000,78
2026-02-21,1771650840000,80
2026-02-21,1771650960000,79
2026-02-21,1771651080000,77
2026-02-21,1771651200000,78
2026-02-21,1771651320000,78
2026-02-21,1771651440000,75
2026-02-21,1771651560000,77
2026-02-21,1771651680000,77
2026-02-21,1771651800000,74
2026-02-21,1771651920000,77
2026-02-21,1771652040000,83
2026-02-21,1771652160000,78
2026-02-21,1771652280000,74
2026-02-21,1771652400000,73
2026-02-21,1771652520000,72
2026-02-21,1771652640000,73
2026-02-21,1771652760000,76
2026-02-21,1771652880000,71
2026-02-21,1771653000000,71
2026-02-21,1771653120000,73
2026-02-21,1771653240000,76
2026-02-21,1771653360000,69
2026-02-21,1771653480000,69
2026-02-21,1771653600000,70
2026-02-21,1771653720000,69
2026-02-21,1771653840000,66
2026-02-21,1771653960000,62
2026-02-21,1771654080000,62
2026-02-21,1771654200000,62
2026-02-21,1771654320000,62
2026-02-21,1771654440000,61
2026-02-21,1771654560000,61
2026-02-21,1771654680000,61
2026-02-21,1771654800000,61
2026-02-21,1771654920000,63
2026-02-21,1771655040000,65
2026-02-21,1771655160000,64
2026-02-21,1771655280000,62
2026-02-21,1771655400000,64
2026-02-21,1771655520000,71
2026-02-21,1771655640000,68
2026-02-21,1771655760000,66
2026-02-21,1771655880000,63
2026-02-21,1771656000000,64
2026-02-21,1771656120000,65
2026-02-21,1771656240000,64
2026-02-21,1771656360000,62
2026-02-21,1771656480000,64
2026-02-21,1771656600000,64
2026-02-21,1771656720000,63
2026-02-21,1771656840000,61
2026-02-21,1771656960000,62
2026-02-21,1771657080000,63
2026-02-21,1771657200000,69
2026-02-21,1771657320000,64
2026-02-21,1771657440000,62
2026-02-21,1771657560000,64
2026-02-21,1771657680000,62
2026-02-21,1771657800000,65
2026-02-21,1771657920000,63
2026-02-21,1771658040000,63
2026-02-21,1771658160000,72
2026-02-21,1771658280000,67
2026-02-21,1771658400000,71
2026-02-21,1771658520000,67
2026-02-21,1771658640000,66
2026-02-22,1771719240000,82
2026-02-22,1771719360000,81
2026-02-22,1771719480000,79
2026-02-22,1771719600000,79
2026-02-22,1771719720000,79
2026-02-22,1771719840000,79
2026-02-22,1771719960000,77
2026-02-22,1771720080000,78
2026-02-22,1771720200000,76
2026-02-22,1771720320000,76
2026-02-22,1771720440000,76
2026-02-22,1771720560000,76
2026-02-22,1771720680000,76
2026-02-22,1771720800000,76
2026-02-22,1771720920000,75
2026-02-22,1771721040000,76
2026-02-22,1771721160000,76
2026-02-22,1771721280000,76
2026-02-22,1771721400000,77
2026-02-22,1771721520000,76
2026-02-22,1771721640000,75
2026-02-22,1771721760000,76
2026-02-22,1771721880000,76
2026-02-22,1771722000000,77
2026-02-22,1771722120000,77
2026-02-22,1771722240000,78
2026-02-22,1771722360000,78
2026-02-22,1771722480000,78
2026-02-22,1771722600000,76
2026-02-22,1771722720000,76
2026-02-22,1771722840000,81
2026-02-22,1771722960000,83
2026-02-22,1771723080000,80
2026-02-22,1771723200000,79
2026-02-22,1771723320000,77
2026-02-22,1771723440000,82
2026-02-22,1771723560000,79
2026-02-22,1771723680000,82
2026-02-22,1771723800000,80
2026-02-22,1771723920000,81
2026-02-22,1771724040000,81
2026-02-22,1771724160000,82
2026-02-22,1771724280000,80
2026-02-22,1771724400000,80
2026-02-22,1771724520000,81
2026-02-22,1771724640000,81
2026-02-22,1771724760000,84
2026-02-22,1771724880000,80
2026-02-22,1771725000000,78
2026-02-22,1771725120000,79
2026-02-22,1771725240000,81
2026-02-22,1771725360000,80
2026-02-22,1771725480000,83
2026-02-22,1771725600000,81
2026-02-22,1771725720000,80
2026-02-22,1771725840000,80
2026-02-22,1771725960000,79
2026-02-22,1771726080000,80
2026-02-22,1771726200000,79
2026-02-22,1771726320000,80
2026-02-22,1771726440000,81
2026-02-22,1771726560000,79
2026-02-22,1771726680000,80
2026-02-22,1771726800000,80
2026-02-22,1771726920000,78
2026-02-22,1771727040000,79
2026-02-22,1771727160000,77
2026-02-22,1771727280000,78
2026-02-22,1771727400000,79
2026-02-22,1771727520000,80
2026-02-22,1771727640000,79
2026-02-22,1771727760000,80
2026-02-22,1771727880000,84
2026-02-22,1771728000000,81
2026-02-22,1771728120000,84
2026-02-22,1771728240000,81
2026-02-22,1771728360000,81
2026-02-22,1771728480000,78
2026-02-22,1771728600000,81
2026-02-22,1771728720000,77
2026-02-22,1771728840000,77
2026-02-22,1771728960000,77
2026-02-22,1771729080000,78
2026-02-22,1771729200000,79
2026-02-22,1771729320000,78
2026-02-22,1771729440000,79
2026-02-22,1771729560000,78
2026-02-22,1771729680000,78
2026-02-22,1771729800000,78
2026-02-22,1771729920000,76
2026-02-22,1771730040000,76
2026-02-22,1771730160000,75
2026-02-22,1771730280000,76
2026-02-22,1771730400000,76
2026-02-22,1771730520000,76
2026-02-22,1771730640000,76
2026-02-22,1771730760000,77
2026-02-22,1771730880000,76
2026-02-22,1771731000000,75
2026-02-22,1771731120000,74
2026-02-22,1771731240000,74
2026-02-22,1771731360000,74
2026-02-22,1771731480000,74
2026-02-22,1771731600000,74
2026-02-22,1771731720000,73
2026-02-22,1771731840000,73
2026-02-22,1771731960000,72
2026-02-22,1771732080000,73
2026-02-22,1771732200000,78
2026-02-22,1771732320000,74
2026-02-22,1771732440000,73
2026-02-22,1771732560000,73
2026-02-22,1771732680000,72
2026-02-22,1771732800000,70
2026-02-22,1771732920000,70
2026-02-22,1771733040000,71
2026-02-22,1771733160000,75
2026-02-22,1771733280000,72
2026-02-22,1771733400000,73
2026-02-22,1771733520000,71
2026-02-22,1771733640000,71
2026-02-22,1771733760000,70
2026-02-22,1771733880000,73
2026-02-22,1771734000000,72
2026-02-22,1771734120000,80
2026-02-22,1771734240000,80
2026-02-22,1771734360000,76
2026-02-22,1771734480000,76
2026-02-22,1771734600000,71
2026-02-22,1771734720000,70
2026-02-22,1771734840000,71
2026-02-22,1771734960000,70
2026-02-22,1771735080000,69
2026-02-22,1771735200000,69
2026-02-22,1771735320000,68
2026-02-22,1771735440000,69
2026-02-22,1771735560000,69
2026-02-22,1771735680000,69
2026-02-22,1771735800000,69
2026-02-22,1771735920000,70
2026-02-22,1771736040000,69
2026-02-22,1771736160000,69
2026-02-22,1771736280000,69
2026-02-22,1771736400000,69
2026-02-22,1771736520000,69
2026-02-22,1771736640000,69
2026-02-22,1771736760000,70
2026-02-22,1771736880000,70
2026-02-22,1771737000000,70
2026-02-22,1771737120000,69
2026-02-22,1771737240000,70
2026-02-22,1771737360000,73
2026-02-22,1771737480000,72
2026-02-22,1771737600000,71
2026-02-22,1771737720000,69
2026-02-22,1771737840000,72
2026-02-22,1771737960000,72
2026-02-22,1771738080000,71
2026-02-22,1771738200000,73
2026-02-22,1771738320000,75
2026-02-22,1771738440000,73
2026-02-22,1771738560000,71
2026-02-22,1771738680000,69
2026-02-22,1771738800000,67
2026-02-22,1771738920000,71
2026-02-22,1771739040000,69
2026-02-22,1771739160000,68
2026-02-22,1771739280000,72
2026-02-22,1771739400000,69
2026-02-22,1771739520000,67
2026-02-22,1771739640000,70
2026-02-22,1771739760000,68
2026-02-22,1771739880000,72
2026-02-22,1771740000000,75
2026-02-22,1771740120000,77
2026-02-22,1771740240000,75
2026-02-22,1771740360000,76
2026-02-22,1771740480000,69
2026-02-22,1771740600000,68
2026-02-22,1771740720000,67
2026-02-22,1771740840000,67
2026-02-22,1771740960000,67
2026-02-22,1771741080000,67
2026-02-22,1771741200000,70
2026-02-22,1771741320000,67
2026-02-22,1771741440000,66
2026-02-22,1771741560000,65
2026-02-22,1771741680000,64
2026-02-22,1771741800000,67
2026-02-22,1771741920000,64
2026-02-22,1771742040000,65
2026-02-22,1771742160000,68
2026-02-22,1771742280000,79
2026-02-22,1771742400000,82
2026-02-22,1771742520000,88
2026-02-22,1771742640000,81
2026-02-22,1771742760000,77
2026-02-22,1771742880000,81
2026-02-22,1771743000000,75
2026-02-22,1771743120000,81
2026-02-22,1771743240000,72
2026-02-22,1771743360000,75
2026-02-22,1771743480000,75
2026-02-22,1771743600000,80
2026-02-22,1771743720000,77
2026-02-22,1771743840000,78
2026-02-22,1771743960000,78
2026-02-22,1771744080000,74
2026-02-22,1771744200000,77
2026-02-22,1771744320000,68
2026-02-22,1771744440000,67
2026-02-22,1771744560000,68
2026-02-22,1771744680000,66
2026-02-22,1771744800000,65
2026-02-22,1771744920000,71
2026-02-22,1771745040000,66
2026-02-22,1771745160000,73
2026-02-22,1771745280000,72
2026-02-22,1771745400000,80
2026-02-23,1771799520000,71
2026-02-23,1771799640000,74
2026-02-23,1771799760000,75
2026-02-23,1771799880000,71
2026-02-23,1771800000000,69
2026-02-23,1771800120000,67
2026-02-23,1771800240000,66
2026-02-23,1771800360000,66
2026-02-23,1771800480000,64
2026-02-23,1771800600000,63
2026-02-23,1771800720000,64
2026-02-23,1771800840000,63
2026-02-23,1771800960000,64
2026-02-23,1771801080000,64
2026-02-23,1771801200000,66
2026-02-23,1771801320000,66
2026-02-23,1771801440000,65
2026-02-23,1771801560000,66
2026-02-23,1771801680000,66
2026-02-23,1771801800000,67
2026-02-23,1771801920000,66
2026-02-23,1771802040000,66
2026-02-23,1771802160000,67
2026-02-23,1771802280000,67
2026-02-23,1771802400000,66
2026-02-23,1771802520000,65
2026-02-23,1771802640000,66
2026-02-23,1771802760000,66
2026-02-23,1771802880000,66
2026-02-23,1771803000000,66
2026-02-23,1771803120000,65
2026-02-23,1771803240000,66
2026-02-23,1771803360000,70
2026-02-23,1771803480000,69
2026-02-23,1771803600000,69
2026-02-23,1771803720000,67
2026-02-23,1771803840000,66
2026-02-23,1771803960000,69
2026-02-23,1771804080000,71
2026-02-23,1771804200000,72
2026-02-23,1771804320000,73
2026-02-23,1771804440000,73
2026-02-23,1771804560000,68
2026-02-23,1771804680000,66
2026-02-23,1771804800000,67
2026-02-23,1771804920000,67
2026-02-23,1771805040000,66
2026-02-23,1771805160000,65
2026-02-23,1771805280000,65
2026-02-23,1771805400000,65
2026-02-23,1771805520000,66
2026-02-23,1771805640000,64
2026-02-23,1771805760000,65
2026-02-23,1771805880000,66
2026-02-23,1771806000000,66
2026-02-23,1771806120000,66
2026-02-23,1771806240000,66
2026-02-23,1771806360000,65
2026-02-23,1771806480000,66
2026-02-23,1771806600000,65
2026-02-23,1771806720000,66
2026-02-23,1771806840000,66
2026-02-23,1771806960000,66
2026-02-23,1771807080000,66
2026-02-23,1771807200000,65
2026-02-23,1771807320000,65
2026-02-23,1771807440000,66
2026-02-23,1771807560000,69
2026-02-23,1771807680000,65
2026-02-23,1771807800000,63
2026-02-23,1771807920000,63
2026-02-23,1771808040000,63
2026-02-23,1771808160000,63
2026-02-23,1771808280000,62
2026-02-23,1771808400000,64
2026-02-23,1771808520000,74
2026-02-23,1771808640000,68
2026-02-23,1771808760000,68
2026-02-23,1771808880000,68
2026-02-23,1771809000000,71
2026-02-23,1771809120000,70
2026-02-23,1771809240000,71
2026-02-23,1771809360000,70
2026-02-23,1771809480000,75
2026-02-23,1771809600000,84
2026-02-23,1771809720000,82
2026-02-23,1771809840000,74
2026-02-23,1771809960000,72
2026-02-23,1771810080000,69
2026-02-23,1771810200000,67
2026-02-23,1771810320000,67
2026-02-23,1771810440000,66
2026-02-23,1771810560000,66
2026-02-23,1771810680000,66
2026-02-23,1771810800000,66
2026-02-23,1771810920000,65
2026-02-23,1771811040000,65
2026-02-23,1771811160000,65
2026-02-23,1771811280000,65
2026-02-23,1771811400000,64
2026-02-23,1771811520000,65
2026-02-23,1771811640000,64
2026-02-23,1771811760000,65
2026-02-23,1771811880000,65
2026-02-23,1771812000000,65
2026-02-23,1771812120000,65
2026-02-23,1771812240000,65
2026-02-23,1771812360000,65
2026-02-23,1771812480000,65
2026-02-23,1771812600000,65
2026-02-23,1771812720000,65
2026-02-23,1771812840000,66
2026-02-23,1771812960000,65
2026-02-23,1771813080000,65
2026-02-23,1771813200000,65
2026-02-23,1771813320000,67
2026-02-23,1771813440000,70
2026-02-23,1771813560000,64
2026-02-23,1771813680000,64
2026-02-23,1771813800000,63
2026-02-23,1771813920000,65
2026-02-23,1771814040000,69
2026-02-23,1771814160000,65
2026-02-23,1771814280000,65
2026-02-23,1771814400000,70
2026-02-23,1771814520000,68
2026-02-23,1771814640000,71
2026-02-23,1771814760000,73
2026-02-23,1771814880000,68
2026-02-23,1771815000000,65
2026-02-23,1771815120000,64
2026-02-23,1771815240000,65
2026-02-23,1771815360000,64
2026-02-23,1771815480000,64
2026-02-23,1771815600000,65
2026-02-23,1771815720000,68
2026-02-23,1771815840000,64
2026-02-23,1771815960000,66
2026-02-23,1771816080000,65
2026-02-23,1771816200000,66
2026-02-23,1771816320000,67
2026-02-23,1771816440000,67
2026-02-23,1771816560000,65
2026-02-23,1771816680000,64
2026-02-23,1771816800000,62
2026-02-23,1771816920000,65
2026-02-23,1771817040000,63
2026-02-23,1771817160000,63
2026-02-23,1771817280000,63
2026-02-23,1771817400000,65
2026-02-23,1771817520000,64
2026-02-23,1771817640000,66
2026-02-23,1771817760000,65
2026-02-23,1771817880000,64
2026-02-23,1771818000000,65
2026-02-23,1771818120000,64
2026-02-23,1771818240000,63
2026-02-23,1771818360000,62
2026-02-23,1771818480000,63
2026-02-23,1771818600000,62
2026-02-23,1771818720000,62
2026-02-23,1771818840000,61
2026-02-23,1771818960000,61
2026-02-23,1771819080000,63
2026-02-23,1771819200000,62
2026-02-23,1771819320000,62
2026-02-23,1771819440000,62
2026-02-23,1771819560000,63
2026-02-23,1771819680000,62
2026-02-23,1771819800000,62
2026-02-23,1771819920000,62
2026-02-23,1771820040000,61
2026-02-23,1771820160000,61
2026-02-23,1771820280000,62
2026-02-23,1771820400000,70
2026-02-23,1771820520000,65
2026-02-23,1771820640000,64
2026-02-23,1771820760000,64
2026-02-23,1771820880000,65
2026-02-23,1771821000000,69
2026-02-23,1771821120000,67
2026-02-23,1771821240000,63
2026-02-23,1771821360000,64
2026-02-23,1771821480000,62
2026-02-23,1771821600000,63
2026-02-23,1771821720000,61
2026-02-23,1771821840000,62
2026-02-23,1771821960000,61
2026-02-23,1771822080000,62
2026-02-23,1771822200000,62
2026-02-23,1771822320000,63
2026-02-23,1771822440000,63
2026-02-23,1771822560000,66
2026-02-23,1771822680000,64
2026-02-23,1771822800000,66
2026-02-23,1771822920000,67
2026-02-23,1771823040000,62
2026-02-23,1771823160000,65
2026-02-23,1771823280000,68
2026-02-23,1771823400000,66
2026-02-23,1771823520000,65
2026-02-23,1771823640000,66
2026-02-23,1771823760000,65
2026-02-23,1771823880000,63
2026-02-23,1771824000000,67
2026-02-23,1771824120000,64
2026-02-23,1771824240000,66
2026-02-23,1771824360000,65
2026-02-24,1771889160000,79
2026-02-24,1771889280000,77
2026-02-24,1771889400000,75
2026-02-24,1771889520000,74
2026-02-24,1771889640000,73
2026-02-24,1771889760000,73
2026-02-24,1771889880000,73
2026-02-24,1771890000000,73
2026-02-24,1771890120000,72
2026-02-24,1771890240000,73
2026-02-24,1771890360000,72
2026-02-24,1771890480000,72
2026-02-24,1771890600000,71
2026-02-24,1771890720000,71
2026-02-24,1771890840000,71
2026-02-24,1771890960000,71
2026-02-24,1771891080000,72
2026-02-24,1771891200000,80
2026-02-24,1771891320000,73
2026-02-24,1771891440000,72
2026-02-24,1771891560000,71
2026-02-24,1771891680000,70
2026-02-24,1771891800000,69
2026-02-24,1771891920000,69
2026-02-24,1771892040000,68
2026-02-24,1771892160000,68
2026-02-24,1771892280000,69
2026-02-24,1771892400000,69
2026-02-24,1771892520000,69
2026-02-24,1771892640000,69
2026-02-24,1771892760000,69
2026-02-24,1771892880000,69
2026-02-24,1771893000000,68
2026-02-24,1771893120000,69
2026-02-24,1771893240000,68
2026-02-24,1771893360000,69
2026-02-24,1771893480000,69
2026-02-24,1771893600000,69
2026-02-24,1771893720000,71
2026-02-24,1771893840000,71
2026-02-24,1771893960000,72
2026-02-24,1771894080000,72
2026-02-24,1771894200000,77
2026-02-24,1771894320000,73
2026-02-24,1771894440000,72
2026-02-24,1771894560000,73
2026-02-24,1771894680000,73
2026-02-24,1771894800000,75
2026-02-24,1771894920000,73
2026-02-24,1771895040000,71
2026-02-24,1771895160000,72
2026-02-24,1771895280000,69
2026-02-24,1771895400000,68
2026-02-24,1771895520000,70
2026-02-24,1771895640000,71
2026-02-24,1771895760000,70
2026-02-24,1771895880000,67
2026-02-24,1771896000000,68
2026-02-24,1771896120000,66
2026-02-24,1771896240000,69
2026-02-24,1771896360000,68
2026-02-24,1771896480000,68
2026-02-24,1771896600000,67
2026-02-24,1771896720000,67
2026-02-24,1771896840000,66
2026-02-24,1771896960000,65
2026-02-24,1771897080000,66
2026-02-24,1771897200000,66
2026-02-24,1771897320000,66
2026-02-24,1771897440000,66
2026-02-24,1771897560000,66
2026-02-24,1771897680000,66
2026-02-24,1771897800000,65
2026-02-24,1771897920000,65
2026-02-24,1771898040000,67
2026-02-24,1771898160000,66
2026-02-24,1771898280000,66
2026-02-24,1771898400000,66
2026-02-24,1771898520000,73
2026-02-24,1771898640000,69
2026-02-24,1771898760000,66
2026-02-24,1771898880000,65
2026-02-24,1771899000000,64
2026-02-24,1771899120000,64
2026-02-24,1771899240000,65
2026-02-24,1771899360000,65
2026-02-24,1771899480000,64
2026-02-24,1771899600000,65
2026-02-24,1771899720000,65
2026-02-24,1771899840000,64
2026-02-24,1771899960000,65
2026-02-24,1771900080000,66
2026-02-24,1771900200000,67
2026-02-24,1771900320000,65
2026-02-24,1771900440000,66
2026-02-24,1771900560000,66
2026-02-24,1771900680000,66
2026-02-24,1771900800000,66
2026-02-24,1771900920000,67
2026-02-24,1771901040000,69
2026-02-24,1771901160000,70
2026-02-24,1771901280000,73
2026-02-24,1771901400000,68
2026-02-24,1771901520000,66
2026-02-24,1771901640000,68
2026-02-24,1771901760000,69
2026-02-24,1771901880000,68
2026-02-24,1771902000000,66
2026-02-24,1771902120000,75
2026-02-24,1771902240000,71
2026-02-24,1771902360000,74
2026-02-24,1771902480000,74
2026-02-24,1771902600000,70
2026-02-24,1771902720000,68
2026-02-24,1771902840000,67
2026-02-24,1771902960000,70
2026-02-24,1771903080000,67
2026-02-24,1771903200000,68
2026-02-24,1771903320000,68
2026-02-24,1771903440000,69
2026-02-24,1771903560000,69
2026-02-24,1771903680000,67
2026-02-24,1771903800000,67
2026-02-24,1771903920000,67
2026-02-24,1771904040000,67
2026-02-24,1771904160000,67
2026-02-24,1771904280000,67
2026-02-24,1771904400000,67
2026-02-24,1771904520000,67
2026-02-24,1771904640000,67
2026-02-24,1771904760000,67
2026-02-24,1771904880000,67
2026-02-24,1771905000000,67
2026-02-24,1771905120000,67
2026-02-24,1771905240000,68
2026-02-24,1771905360000,73
2026-02-24,1771905480000,69
2026-02-24,1771905600000,69
2026-02-24,1771905720000,68
2026-02-24,1771905840000,68
2026-02-24,1771905960000,68
2026-02-24,1771906080000,68
2026-02-24,1771906200000,70
2026-02-24,1771906320000,69
2026-02-24,1771906440000,67
2026-02-24,1771906560000,68
2026-02-24,1771906680000,73
2026-02-24,1771906800000,83
2026-02-24,1771906920000,86
2026-02-24,1771907040000,82
2026-02-24,1771907160000,83
2026-02-24,1771907280000,79
2026-02-24,1771907400000,77
2026-02-24,1771907520000,78
2026-02-24,1771907640000,80
2026-02-24,1771907760000,77
2026-02-24,1771907880000,77
2026-02-24,1771908000000,78
2026-02-24,1771908120000,75
2026-02-24,1771908240000,78
2026-02-24,1771908360000,83
2026-02-24,1771908480000,78
2026-02-24,1771908600000,76
2026-02-24,1771908720000,74
2026-02-24,1771908840000,78
2026-02-24,1771908960000,78
2026-02-24,1771909080000,79
2026-02-24,1771909200000,77
2026-02-24,1771909320000,76
2026-02-24,1771909440000,79
2026-02-24,1771909560000,73
2026-02-24,1771909680000,74
2026-02-24,1771909800000,76
2026-02-24,1771909920000,71
2026-02-24,1771910040000,67
2026-02-24,1771910160000,68
2026-02-24,1771910280000,67
2026-02-24,1771910400000,67
2026-02-24,1771910520000,66
2026-02-24,1771910640000,67
2026-02-24,1771910760000,66
2026-02-24,1771910880000,66
2026-02-24,1771911000000,66
2026-02-24,1771911120000,66
2026-02-24,1771911240000,65
2026-02-24,1771911360000,68
2026-02-24,1771911480000,66
2026-02-24,1771911600000,65
2026-02-24,1771911720000,66
2026-02-24,1771911840000,70
2026-02-24,1771911960000,68
2026-02-24,1771912080000,68
2026-02-24,1771912200000,71
2026-02-24,1771912320000,77
2026-02-24,1771912440000,77
2026-02-24,1771912560000,73
2026-02-24,1771912680000,72
2026-02-24,1771912800000,68
2026-02-24,1771912920000,71
2026-02-24,1771913040000,69
2026-02-24,1771913160000,73
2026-02-24,1771913280000,76
2026-02-24,1771913400000,69
2026-02-24,1771913520000,69
2026-02-24,1771913640000,67
2026-02-24,1771913760000,66
2026-02-24,1771913880000,67
2026-02-24,1771914000000,69
2026-02-24,1771914120000,65
2026-02-24,1771914240000,67
2026-02-24,1771914360000,67
2026-02-24,1771914480000,66
2026-02-24,1771914600000,66
2026-02-24,1771914720000,65
2026-02-24,1771914840000,65
2026-02-24,1771914960000,66
2026-02-24,1771915080000,67
2026-02-24,1771915200000,68
2026-02-24,1771915320000,66
2026-02-24,1771915440000,67
2026-02-24,1771915560000,65
2026-02-24,1771915680000,67
2026-02-24,1771915800000,68
2026-02-24,1771915920000,67
2026-02-24,1771916040000,72
2026-02-24,1771916160000,68
2026-02-24,1771916280000,67
2026-02-24,1771916400000,66
2026-02-24,1771916520000,66
2026-02-24,1771916640000,68
2026-02-24,1771916760000,66
2026-02-24,1771916880000,65
2026-02-24,1771917000000,67
2026-02-24,1771917120000,70
2026-02-24,1771917240000,72
2026-02-24,1771917360000,69
2026-02-24,1771917480000,67
2026-02-24,1771917600000,68
2026-02-24,1771917720000,67
2026-02-24,1771917840000,67
2026-02-24,1771917960000,66
2026-02-24,1771918080000,66
2026-02-24,1771918200000,66
2026-02-24,1771918320000,66
2026-02-24,1771918440000,66
2026-02-24,1771918560000,66
2026-02-24,1771918680000,66
2026-02-24,1771918800000,66
2026-02-24,1771918920000,67
2026-02-24,1771919040000,66
2026-02-24,1771919160000,67
2026-02-24,1771919280000,66
2026-02-24,1771919400000,66
2026-02-24,1771919520000,66
2026-02-24,1771919640000,66
2026-02-24,1771919760000,67
2026-02-24,1771919880000,67
2026-02-24,1771920000000,67
2026-02-24,1771920120000,72
2026-02-24,1771920240000,70
2026-02-24,1771920360000,69
2026-02-24,1771920480000,70
2026-02-24,1771920600000,68
2026-02-24,1771920720000,70
2026-02-24,1771920840000,70
2026-02-24,1771920960000,68
2026-02-24,1771921080000,67
2026-02-24,1771921200000,68
2026-02-24,1771921320000,67
2026-02-24,1771921440000,67
2026-02-24,1771921560000,66
2026-02-24,1771921680000,67
2026-02-24,1771921800000,66
2026-02-24,1771921920000,67
2026-02-24,1771922040000,71
2026-02-24,1771922160000,67
2026-02-24,1771922280000,66
2026-02-24,1771922400000,68
2026-02-24,1771922520000,69
2026-02-24,1771922640000,69
2026-02-24,1771922760000,73
2026-02-24,1771922880000,66
2026-02-24,1771923000000,67
2026-02-24,1771923120000,67
2026-02-24,1771923240000,81
2026-02-24,1771923360000,82
2026-02-24,1771923480000,86
2026-02-24,1771923600000,87
2026-02-24,1771923720000,88
2026-02-24,1771923840000,88
2026-02-24,1771923960000,89
2026-02-24,1771924080000,89
2026-02-24,1771924200000,89
2026-02-24,1771924320000,90
2026-02-24,1771924440000,92
2026-02-24,1771924560000,83
2026-02-24,1771924680000,83
2026-02-24,1771924800000,86
2026-02-24,1771924920000,84
2026-02-25,1771980360000,81
2026-02-25,1771980480000,79
2026-02-25,1771980600000,78
2026-02-25,1771980720000,92
2026-02-25,1771980840000,83
2026-02-25,1771980960000,80
2026-02-25,1771981080000,78
2026-02-25,1771981200000,78
2026-02-25,1771981320000,78
2026-02-25,1771981440000,79
2026-02-25,1771981560000,80
2026-02-25,1771981680000,77
2026-02-25,1771981800000,76
2026-02-25,1771981920000,76
2026-02-25,1771982040000,76
2026-02-25,1771982160000,76
2026-02-25,1771982280000,75
2026-02-25,1771982400000,75
2026-02-25,1771982520000,75
2026-02-25,1771982640000,76
2026-02-25,1771982760000,76
2026-02-25,1771982880000,75
2026-02-25,1771983000000,74
2026-02-25,1771983120000,74
2026-02-25,1771983240000,75
2026-02-25,1771983360000,75
2026-02-25,1771983480000,75
2026-02-25,1771983600000,75
2026-02-25,1771983720000,75
2026-02-25,1771983840000,74
2026-02-25,1771983960000,75
2026-02-25,1771984080000,74
2026-02-25,1771984200000,74
2026-02-25,1771984320000,74
2026-02-25,1771984440000,75
2026-02-25,1771984560000,78
2026-02-25,1771984680000,79
2026-02-25,1771984800000,77
2026-02-25,1771984920000,75
2026-02-25,1771985040000,78
2026-02-25,1771985160000,78
2026-02-25,1771985280000,76
2026-02-25,1771985400000,76
2026-02-25,1771985520000,76
2026-02-25,1771985640000,77
2026-02-25,1771985760000,74
2026-02-25,1771985880000,78
2026-02-25,1771986000000,77
2026-02-25,1771986120000,75
2026-02-25,1771986240000,80
2026-02-25,1771986360000,76
2026-02-25,1771986480000,76
2026-02-25,1771986600000,73
2026-02-25,1771986720000,75
2026-02-25,1771986840000,74
2026-02-25,1771986960000,73
2026-02-25,1771987080000,73
2026-02-25,1771987200000,74
2026-02-25,1771987320000,72
2026-02-25,1771987440000,72
2026-02-25,1771987560000,73
2026-02-25,1771987680000,72
2026-02-25,1771987800000,71
2026-02-25,1771987920000,71
2026-02-25,1771988040000,71
2026-02-25,1771988160000,70
2026-02-25,1771988280000,70
2026-02-25,1771988400000,70
2026-02-25,1771988520000,70
2026-02-25,1771988640000,71
2026-02-25,1771988760000,70
2026-02-25,1771988880000,70
2026-02-25,1771989000000,68
2026-02-25,1771989120000,69
2026-02-25,1771989240000,70
2026-02-25,1771989360000,72
2026-02-25,1771989480000,76
2026-02-25,1771989600000,77
2026-02-25,1771989720000,70
2026-02-25,1771989840000,84
2026-02-25,1771989960000,78
2026-02-25,1771990080000,80
2026-02-25,1771990200000,81
2026-02-25,1771990320000,75
2026-02-25,1771990440000,72
2026-02-25,1771990560000,69
2026-02-25,1771990680000,68
2026-02-25,1771990800000,69
2026-02-25,1771990920000,67
2026-02-25,1771991040000,67
2026-02-25,1771991160000,67
2026-02-25,1771991280000,67
2026-02-25,1771991400000,67
2026-02-25,1771991520000,67
2026-02-25,1771991640000,67
2026-02-25,1771991760000,67
2026-02-25,1771991880000,66
2026-02-25,1771992000000,67
2026-02-25,1771992120000,67
2026-02-25,1771992240000,67
2026-02-25,1771992360000,67
2026-02-25,1771992480000,67
2026-02-25,1771992600000,67
2026-02-25,1771992720000,67
2026-02-25,1771992840000,68
2026-02-25,1771992960000,68
2026-02-25,1771993080000,68
2026-02-25,1771993200000,68
2026-02-25,1771993320000,69
2026-02-25,1771993440000,69
2026-02-25,1771993560000,70
2026-02-25,1771993680000,71
2026-02-25,1771993800000,70
2026-02-25,1771993920000,72
2026-02-25,1771994040000,74
2026-02-25,1771994160000,72
2026-02-25,1771994280000,75
2026-02-25,1771994400000,74
2026-02-25,1771994520000,75
2026-02-25,1771994640000,69
2026-02-25,1771994760000,71
2026-02-25,1771994880000,72
2026-02-25,1771995000000,68
2026-02-25,1771995120000,72
2026-02-25,1771995240000,75
2026-02-25,1771995360000,78
2026-02-25,1771995480000,77
2026-02-25,1771995600000,79
2026-02-25,1771995720000,74
2026-02-25,1771995840000,72
2026-02-25,1771995960000,68
2026-02-25,1771996080000,69
2026-02-25,1771996200000,69
2026-02-25,1771996320000,69
2026-02-25,1771996440000,70
2026-02-25,1771996560000,70
2026-02-25,1771996680000,69
2026-02-25,1771996800000,70
2026-02-25,1771996920000,69
2026-02-25,1771997040000,71
2026-02-25,1771997160000,70
2026-02-25,1771997280000,71
2026-02-25,1771997400000,70
2026-02-25,1771997520000,70
2026-02-25,1771997640000,71
2026-02-25,1771997760000,71
2026-02-25,1771997880000,71
2026-02-25,1771998000000,72
2026-02-25,1771998120000,72
2026-02-25,1771998240000,78
2026-02-25,1771998360000,76
2026-02-25,1771998480000,75
2026-02-25,1771998600000,74
2026-02-25,1771998720000,73
2026-02-25,1771998840000,74
2026-02-25,1771998960000,72
2026-02-25,1771999080000,74
2026-02-25,1771999200000,76
2026-02-25,1771999320000,73
2026-02-25,1771999440000,68
2026-02-25,1771999560000,72
2026-02-25,1771999680000,71
2026-02-25,1771999800000,73
2026-02-25,1771999920000,71
2026-02-25,1772000040000,69
2026-02-25,1772000160000,69
2026-02-25,1772000280000,71
2026-02-25,1772000400000,71
2026-02-25,1772000520000,74
2026-02-25,1772000640000,70
2026-02-25,1772000760000,69
2026-02-25,1772000880000,70
2026-02-25,1772001000000,72
2026-02-25,1772001120000,71
2026-02-25,1772001240000,76
2026-02-25,1772001360000,71
2026-02-25,1772001480000,75
2026-02-25,1772001600000,77
2026-02-25,1772001720000,74
2026-02-25,1772001840000,71
2026-02-25,1772001960000,71
2026-02-25,1772002080000,71
2026-02-25,1772002200000,70
2026-02-25,1772002320000,70
2026-02-25,1772002440000,70
2026-02-25,1772002560000,71
2026-02-25,1772002680000,70
2026-02-25,1772002800000,70
2026-02-25,1772002920000,71
2026-02-25,1772003040000,73
2026-02-25,1772003160000,70
2026-02-25,1772003280000,69
2026-02-25,1772003400000,69
2026-02-25,1772003520000,70
2026-02-25,1772003640000,68
2026-02-25,1772003760000,69
2026-02-25,1772003880000,69
2026-02-25,1772004000000,69
2026-02-25,1772004120000,69
2026-02-25,1772004240000,70
2026-02-25,1772004360000,70
2026-02-25,1772004480000,69
2026-02-25,1772004600000,70
2026-02-25,1772004720000,68
2026-02-25,1772004840000,70
2026-02-25,1772004960000,70
2026-02-25,1772005080000,69
2026-02-25,1772005200000,71
2026-02-25,1772005320000,74
2026-02-25,1772005440000,70
2026-02-25,1772005560000,76
2026-02-25,1772005680000,70
2026-02-25,1772005800000,72
2026-02-25,1772005920000,69
2026-02-25,1772006040000,70
2026-02-25,1772006160000,68
2026-02-25,1772006280000,68
2026-02-25,1772006400000,69
2026-02-26,1772056560000,73
2026-02-26,1772056680000,72
2026-02-26,1772056800000,72
2026-02-26,1772056920000,71
2026-02-26,1772057040000,71
2026-02-26,1772057160000,71
2026-02-26,1772057280000,70
2026-02-26,1772057400000,70
2026-02-26,1772057520000,71
2026-02-26,1772057640000,70
2026-02-26,1772057760000,70
2026-02-26,1772057880000,70
2026-02-26,1772058000000,69
2026-02-26,1772058120000,70
2026-02-26,1772058240000,70
2026-02-26,1772058360000,70
2026-02-26,1772058480000,71
2026-02-26,1772058600000,71
2026-02-26,1772058720000,71
2026-02-26,1772058840000,71
2026-02-26,1772058960000,72
2026-02-26,1772059080000,71
2026-02-26,1772059200000,72
2026-02-26,1772059320000,71
2026-02-26,1772059440000,72
2026-02-26,1772059560000,72
2026-02-26,1772059680000,71
2026-02-26,1772059800000,71
2026-02-26,1772059920000,71
2026-02-26,1772060040000,74
2026-02-26,1772060160000,72
2026-02-26,1772060280000,71
2026-02-26,1772060400000,71
2026-02-26,1772060520000,69
2026-02-26,1772060640000,70
2026-02-26,1772060760000,69
2026-02-26,1772060880000,69
2026-02-26,1772061000000,68
2026-02-26,1772061120000,69
2026-02-26,1772061240000,70
2026-02-26,1772061360000,72
2026-02-26,1772061480000,70
2026-02-26,1772061600000,67
2026-02-26,1772061720000,69
2026-02-26,1772061840000,68
2026-02-26,1772061960000,68
2026-02-26,1772062080000,69
2026-02-26,1772062200000,68
2026-02-26,1772062320000,68
2026-02-26,1772062440000,68
2026-02-26,1772062560000,68
2026-02-26,1772062680000,68
2026-02-26,1772062800000,69
2026-02-26,1772062920000,68
2026-02-26,1772063040000,72
2026-02-26,1772063160000,67
2026-02-26,1772063280000,67
2026-02-26,1772063400000,67
2026-02-26,1772063520000,67
2026-02-26,1772063640000,66
2026-02-26,1772063760000,66
2026-02-26,1772063880000,66
2026-02-26,1772064000000,66
2026-02-26,1772064120000,66
2026-02-26,1772064240000,66
2026-02-26,1772064360000,67
2026-02-26,1772064480000,67
2026-02-26,1772064600000,66
2026-02-26,1772064720000,67
2026-02-26,1772064840000,69
2026-02-26,1772064960000,70
2026-02-26,1772065080000,70
2026-02-26,1772065200000,68
2026-02-26,1772065320000,68
2026-02-26,1772065440000,66
2026-02-26,1772065560000,66
2026-02-26,1772065680000,77
2026-02-26,1772065800000,73
2026-02-26,1772065920000,75
2026-02-26,1772066040000,74
2026-02-26,1772066160000,75
2026-02-26,1772066280000,76
2026-02-26,1772066400000,69
2026-02-26,1772066520000,67
2026-02-26,1772066640000,66
2026-02-26,1772066760000,65
2026-02-26,1772066880000,67
2026-02-26,1772067000000,65
2026-02-26,1772067120000,67
2026-02-26,1772067240000,69
2026-02-26,1772067360000,69
2026-02-26,1772067480000,71
2026-02-26,1772067600000,72
2026-02-26,1772067720000,75
2026-02-26,1772067840000,70
2026-02-26,1772067960000,68
2026-02-26,1772068080000,67
2026-02-26,1772068200000,66
2026-02-26,1772068320000,66
2026-02-26,1772068440000,66
2026-02-26,1772068560000,66
2026-02-26,1772068680000,66
2026-02-26,1772068800000,66
2026-02-26,1772068920000,66
2026-02-26,1772069040000,65
2026-02-26,1772069160000,65
2026-02-26,1772069280000,65
2026-02-26,1772069400000,65
2026-02-26,1772069520000,65
2026-02-26,1772069640000,63
2026-02-26,1772069760000,66
2026-02-26,1772069880000,67
2026-02-26,1772070000000,66
2026-02-26,1772070120000,67
2026-02-26,1772070240000,67
2026-02-26,1772070360000,67
2026-02-26,1772070480000,65
2026-02-26,1772070600000,65
2026-02-26,1772070720000,67
2026-02-26,1772070840000,66
2026-02-26,1772070960000,66
2026-02-26,1772071080000,67
2026-02-26,1772071200000,68
2026-02-26,1772071320000,67
2026-02-26,1772071440000,68
2026-02-26,1772071560000,66
2026-02-26,1772071680000,68
2026-02-26,1772071800000,68
2026-02-26,1772071920000,71
2026-02-26,1772072040000,69
2026-02-26,1772072160000,69
2026-02-26,1772072280000,70
2026-02-26,1772072400000,69
2026-02-26,1772072520000,76
2026-02-26,1772072640000,67
2026-02-26,1772072760000,68
2026-02-26,1772072880000,70
2026-02-26,1772073000000,67
2026-02-26,1772073120000,67
2026-02-26,1772073240000,67
2026-02-26,1772073360000,67
2026-02-26,1772073480000,66
2026-02-26,1772073600000,66
2026-02-26,1772073720000,66
2026-02-26,1772073840000,67
2026-02-26,1772073960000,67
2026-02-26,1772074080000,70
2026-02-26,1772074200000,68
2026-02-26,1772074320000,67
2026-02-26,1772074440000,68
2026-02-26,1772074560000,67
2026-02-26,1772074680000,67
2026-02-26,1772074800000,66
2026-02-26,1772074920000,66
2026-02-26,1772075040000,66
2026-02-26,1772075160000,66
2026-02-26,1772075280000,66
2026-02-26,1772075400000,65
2026-02-26,1772075520000,66
2026-02-26,1772075640000,65
2026-02-26,1772075760000,65
2026-02-26,1772075880000,66
2026-02-26,1772076000000,66
2026-02-26,1772076120000,64
2026-02-26,1772076240000,64
2026-02-26,1772076360000,65
2026-02-26,1772076480000,64
2026-02-26,1772076600000,65
2026-02-26,1772076720000,65
2026-02-26,1772076840000,66
2026-02-26,1772076960000,66
2026-02-26,1772077080000,65
2026-02-26,1772077200000,66
2026-02-26,1772077320000,67
2026-02-26,1772077440000,65
2026-02-26,1772077560000,67
2026-02-26,1772077680000,70
2026-02-26,1772077800000,65
2026-02-26,1772077920000,66
2026-02-26,1772078040000,64
2026-02-26,1772078160000,64
2026-02-26,1772078280000,63
2026-02-26,1772078400000,63
2026-02-26,1772078520000,63
2026-02-26,1772078640000,63
2026-02-26,1772078760000,63
2026-02-26,1772078880000,63
2026-02-26,1772079000000,64
2026-02-26,1772079120000,63
2026-02-26,1772079240000,65
2026-02-26,1772079360000,65
2026-02-26,1772079480000,68
2026-02-26,1772079600000,65
2026-02-26,1772079720000,72
2026-02-26,1772079840000,65
2026-02-26,1772079960000,71
2026-02-26,1772080080000,67
2026-02-26,1772080200000,65
2026-02-26,1772080320000,69
2026-02-26,1772080440000,71
2026-02-26,1772080560000,68
2026-02-26,1772080680000,66
2026-02-26,1772080800000,67
2026-02-26,1772080920000,66
2026-02-26,1772081040000,66
2026-02-26,1772081160000,66
2026-02-26,1772081280000,66
2026-02-26,1772081400000,65
2026-02-26,1772081520000,66
2026-02-26,1772081640000,66
2026-02-26,1772081760000,66
2026-02-26,1772081880000,66
2026-02-26,1772082000000,66
2026-02-26,1772082120000,66
2026-02-26,1772082240000,67
2026-02-26,1772082360000,73
2026-02-26,1772082480000,75
2026-02-26,1772082600000,81
2026-02-26,1772082720000,79
2026-02-26,1772082840000,80
2026-02-26,1772082960000,81
2026-02-26,1772083080000,82
2026-02-26,1772083200000,78
2026-02-26,1772083320000,79
2026-02-26,1772083440000,80
2026-02-26,1772083560000,80
2026-02-26,1772083680000,76
2026-02-26,1772083800000,75
2026-02-26,1772083920000,79
2026-02-26,1772084040000,75
2026-02-26,1772084160000,84
2026-02-26,1772084280000,78
2026-02-26,1772084400000,75
2026-02-26,1772084520000,77
2026-02-26,1772084640000,79
2026-02-26,1772084760000,75
2026-02-26,1772084880000,78
2026-02-26,1772085000000,77
2026-02-26,1772085120000,76
2026-02-26,1772085240000,79
2026-02-26,1772085360000,76
2026-02-26,1772085480000,79
2026-02-26,1772085600000,75
2026-02-26,1772085720000,76
2026-02-26,1772085840000,82
2026-02-26,1772085960000,78
2026-02-26,1772086080000,79
2026-02-26,1772086200000,75
2026-02-26,1772086320000,79
2026-02-26,1772086440000,80
2026-02-27,1772143560000,86
2026-02-27,1772143680000,86
2026-02-27,1772143800000,84
2026-02-27,1772143920000,84
2026-02-27,1772144040000,85
2026-02-27,1772144160000,82
2026-02-27,1772144280000,81
2026-02-27,1772144400000,78
2026-02-27,1772144520000,79
2026-02-27,1772144640000,79
2026-02-27,1772144760000,78
2026-02-27,1772144880000,77
2026-02-27,1772145000000,76
2026-02-27,1772145120000,77
2026-02-27,1772145240000,77
2026-02-27,1772145360000,78
2026-02-27,1772145480000,77
2026-02-27,1772145600000,78
2026-02-27,1772145720000,78
2026-02-27,1772145840000,78
2026-02-27,1772145960000,77
2026-02-27,1772146080000,77
2026-02-27,1772146200000,77
2026-02-27,1772146320000,77
2026-02-27,1772146440000,78
2026-02-27,1772146560000,77
2026-02-27,1772146680000,77
2026-02-27,1772146800000,76
2026-02-27,1772146920000,75
2026-02-27,1772147040000,75
2026-02-27,1772147160000,81
2026-02-27,1772147280000,75
2026-02-27,1772147400000,73
2026-02-27,1772147520000,73
2026-02-27,1772147640000,76
2026-02-27,1772147760000,75
2026-02-27,1772147880000,75
2026-02-27,1772148000000,75
2026-02-27,1772148120000,74
2026-02-27,1772148240000,76
2026-02-27,1772148360000,74
2026-02-27,1772148480000,76
2026-02-27,1772148600000,75
2026-02-27,1772148720000,75
2026-02-27,1772148840000,74
2026-02-27,1772148960000,73
2026-02-27,1772149080000,72
2026-02-27,1772149200000,72
2026-02-27,1772149320000,71
2026-02-27,1772149440000,71
2026-02-27,1772149560000,72
2026-02-27,1772149680000,70
2026-02-27,1772149800000,71
2026-02-27,1772149920000,72
2026-02-27,1772150040000,71
2026-02-27,1772150160000,81
2026-02-27,1772150280000,72
2026-02-27,1772150400000,70
2026-02-27,1772150520000,73
2026-02-27,1772150640000,71
2026-02-27,1772150760000,68
2026-02-27,1772150880000,66
2026-02-27,1772151000000,66
2026-02-27,1772151120000,65
2026-02-27,1772151240000,73
2026-02-27,1772151360000,65
2026-02-27,1772151480000,65
2026-02-27,1772151600000,66
2026-02-27,1772151720000,66
2026-02-27,1772151840000,66
2026-02-27,1772151960000,65
2026-02-27,1772152080000,67
2026-02-27,1772152200000,71
2026-02-27,1772152320000,67
2026-02-27,1772152440000,69
2026-02-27,1772152560000,65
2026-02-27,1772152680000,64
2026-02-27,1772152800000,65
2026-02-27,1772152920000,66
2026-02-27,1772153040000,66
2026-02-27,1772153160000,66
2026-02-27,1772153280000,68
2026-02-27,1772153400000,68
2026-02-27,1772153520000,73
2026-02-27,1772153640000,73
2026-02-27,1772153760000,71
2026-02-27,1772153880000,71
2026-02-27,1772154000000,72
2026-02-27,1772154120000,72
2026-02-27,1772154240000,75
2026-02-27,1772154360000,76
2026-02-27,1772154480000,71
2026-02-27,1772154600000,72
2026-02-27,1772154720000,72
2026-02-27,1772154840000,71
2026-02-27,1772154960000,71
2026-02-27,1772155080000,72
2026-02-27,1772155200000,70
2026-02-27,1772155320000,71
2026-02-27,1772155440000,72
2026-02-27,1772155560000,69
2026-02-27,1772155680000,69
2026-02-27,1772155800000,73
2026-02-27,1772155920000,72
2026-02-27,1772156040000,72
2026-02-27,1772156160000,72
2026-02-27,1772156280000,70
2026-02-27,1772156400000,71
2026-02-27,1772156520000,72
2026-02-27,1772156640000,71
2026-02-27,1772156760000,71
2026-02-27,1772156880000,71
2026-02-27,1772157000000,71
2026-02-27,1772157120000,70
2026-02-27,1772157240000,71
2026-02-27,1772157360000,72
2026-02-27,1772157480000,72
2026-02-27,1772157600000,73
2026-02-27,1772157720000,73
2026-02-27,1772157840000,74
2026-02-27,1772157960000,75
2026-02-27,1772158080000,71
2026-02-27,1772158200000,69
2026-02-27,1772158320000,76
2026-02-27,1772158440000,72
2026-02-27,1772158560000,71
2026-02-27,1772158680000,70
2026-02-27,1772158800000,72
2026-02-27,1772158920000,73
2026-02-27,1772159040000,72
2026-02-27,1772159160000,72
2026-02-27,1772159280000,72
2026-02-27,1772159400000,71
2026-02-27,1772159520000,75
2026-02-27,1772159640000,69
2026-02-27,1772159760000,69
2026-02-27,1772159880000,69
2026-02-27,1772160000000,69
2026-02-27,1772160120000,68
2026-02-27,1772160240000,67
2026-02-27,1772160360000,70
2026-02-27,1772160480000,68
2026-02-27,1772160600000,69
2026-02-27,1772160720000,76
2026-02-27,1772160840000,81
2026-02-27,1772160960000,79
2026-02-27,1772161080000,73
2026-02-27,1772161200000,71
2026-02-27,1772161320000,70
2026-02-27,1772161440000,69
2026-02-27,1772161560000,68
2026-02-27,1772161680000,68
2026-02-27,1772161800000,69
2026-02-27,1772161920000,69
2026-02-27,1772162040000,69
2026-02-27,1772162160000,68
2026-02-27,1772162280000,70
2026-02-27,1772162400000,69
2026-02-27,1772162520000,69
2026-02-27,1772162640000,69
2026-02-27,1772162760000,70
2026-02-27,1772162880000,70
2026-02-27,1772163000000,71
2026-02-27,1772163120000,70
2026-02-27,1772163240000,71
2026-02-27,1772163360000,72
2026-02-27,1772163480000,73
2026-02-27,1772163600000,83
2026-02-27,1772163720000,79
2026-02-27,1772163840000,75
2026-02-27,1772163960000,71
2026-02-27,1772164080000,70
2026-02-27,1772164200000,70
2026-02-27,1772164320000,69
2026-02-27,1772164440000,72
2026-02-27,1772164560000,70
2026-02-27,1772164680000,70
2026-02-27,1772164800000,68
2026-02-27,1772164920000,71
2026-02-27,1772165040000,71
2026-02-27,1772165160000,70
2026-02-27,1772165280000,70
2026-02-27,1772165400000,71
2026-02-27,1772165520000,71
2026-02-27,1772165640000,69
2026-02-27,1772165760000,70
2026-02-27,1772165880000,68
2026-02-27,1772166000000,69
2026-02-27,1772166120000,69
2026-02-27,1772166240000,75
2026-02-27,1772166360000,67
2026-02-27,1772166480000,67
2026-02-27,1772166600000,67
2026-02-27,1772166720000,66
2026-02-27,1772166840000,67
2026-02-27,1772166960000,66
2026-02-27,1772167080000,66
2026-02-27,1772167200000,66
2026-02-27,1772167320000,66
2026-02-27,1772167440000,66
2026-02-27,1772167560000,66
2026-02-27,1772167680000,67
2026-02-27,1772167800000,67
2026-02-27,1772167920000,66
2026-02-27,1772168040000,65
2026-02-27,1772168160000,66
2026-02-27,1772168280000,66
2026-02-27,1772168400000,67
2026-02-27,1772168520000,73
2026-02-27,1772168640000,66
2026-02-27,1772168760000,68
2026-02-27,1772168880000,81
2026-02-27,1772169000000,75
2026-02-27,1772169120000,77
2026-02-27,1772169240000,79
2026-02-27,1772169360000,79
2026-02-27,1772169480000,81
2026-02-27,1772169600000,81
2026-02-27,1772169720000,79
2026-02-27,1772169840000,83
2026-02-27,1772169960000,85
2026-02-27,1772170080000,81
2026-02-27,1772170200000,81
2026-02-27,1772170320000,79
2026-02-27,1772170440000,79
2026-02-27,1772170560000,76
2026-02-27,1772170680000,78
2026-02-27,1772170800000,80
2026-02-27,1772170920000,79
2026-02-27,1772171040000,85
2026-02-27,1772171160000,80
2026-02-27,1772171280000,82
2026-02-27,1772171400000,80
2026-02-27,1772171520000,81
2026-02-27,1772171640000,83
2026-02-27,1772171760000,75
2026-02-27,1772171880000,77
2026-02-27,1772172000000,80
2026-02-27,1772172120000,81
2026-02-27,1772172240000,82
2026-02-27,1772172360000,80
2026-02-27,1772172480000,74
2026-02-27,1772172600000,82
2026-02-27,1772172720000,79
2026-02-27,1772172840000,77
2026-02-27,1772172960000,74
2026-02-27,1772173080000,75
2026-02-27,1772173200000,76
2026-02-27,1772173320000,78
2026-02-27,1772173440000,79
2026-02-27,1772173560000,77
2026-02-27,1772173680000,77
2026-02-27,1772173800000,74
2026-02-27,1772173920000,77
2026-02-27,1772174040000,78
2026-02-27,1772174160000,82
2026-02-27,1772174280000,83
2026-02-27,1772174400000,81
2026-02-27,1772174520000,81
2026-02-27,1772174640000,83
2026-02-27,1772174760000,85
2026-02-27,1772174880000,81
2026-02-27,1772175000000,80
2026-02-28,1772236320000,93
2026-02-28,1772236440000,93
2026-02-28,1772236560000,91
2026-02-28,1772236680000,89
2026-02-28,1772236800000,87
2026-02-28,1772236920000,87
2026-02-28,1772237040000,87
2026-02-28,1772237160000,87
2026-02-28,1772237280000,86
2026-02-28,1772237400000,86
2026-02-28,1772237520000,86
2026-02-28,1772237640000,88
2026-02-28,1772237760000,88
2026-02-28,1772237880000,88
2026-02-28,1772238000000,88
2026-02-28,1772238120000,88
2026-02-28,1772238240000,88
2026-02-28,1772238360000,88
2026-02-28,1772238480000,88
2026-02-28,1772238600000,88
2026-02-28,1772238720000,88
2026-02-28,1772238840000,88
2026-02-28,1772238960000,88
2026-02-28,1772239080000,87
2026-02-28,1772239200000,86
2026-02-28,1772239320000,86
2026-02-28,1772239440000,87
2026-02-28,1772239560000,87
2026-02-28,1772239680000,87
2026-02-28,1772239800000,87
2026-02-28,1772239920000,88
2026-02-28,1772240040000,88
2026-02-28,1772240160000,89
2026-02-28,1772240280000,90
2026-02-28,1772240400000,90
2026-02-28,1772240520000,90
2026-02-28,1772240640000,89
2026-02-28,1772240760000,88
2026-02-28,1772240880000,87
2026-02-28,1772241000000,89
2026-02-28,1772241120000,94
2026-02-28,1772241240000,89
2026-02-28,1772241360000,86
2026-02-28,1772241480000,85
2026-02-28,1772241600000,85
2026-02-28,1772241720000,86
2026-02-28,1772241840000,86
2026-02-28,1772241960000,88
2026-02-28,1772242080000,90
2026-02-28,1772242200000,90
2026-02-28,1772242320000,89
2026-02-28,1772242440000,89
2026-02-28,1772242560000,89
2026-02-28,1772242680000,88
2026-02-28,1772242800000,88
2026-02-28,1772242920000,87
2026-02-28,1772243040000,87
2026-02-28,1772243160000,86
2026-02-28,1772243280000,86
2026-02-28,1772243400000,87
2026-02-28,1772243520000,87
2026-02-28,1772243640000,87
2026-02-28,1772243760000,86
2026-02-28,1772243880000,85
2026-02-28,1772244000000,88
2026-02-28,1772244120000,84
2026-02-28,1772244240000,84
2026-02-28,1772244360000,84
2026-02-28,1772244480000,84
2026-02-28,1772244600000,84
2026-02-28,1772244720000,83
2026-02-28,1772244840000,83
2026-02-28,1772244960000,83
2026-02-28,1772245080000,81
2026-02-28,1772245200000,81
2026-02-28,1772245320000,80
2026-02-28,1772245440000,80
2026-02-28,1772245560000,79
2026-02-28,1772245680000,79
2026-02-28,1772245800000,77
2026-02-28,1772245920000,77
2026-02-28,1772246040000,78
2026-02-28,1772246160000,76
2026-02-28,1772246280000,76
2026-02-28,1772246400000,77
2026-02-28,1772246520000,77
2026-02-28,1772246640000,80
2026-02-28,1772246760000,82
2026-02-28,1772246880000,85
2026-02-28,1772247000000,86
2026-02-28,1772247120000,84
2026-02-28,1772247240000,82
2026-02-28,1772247360000,84
2026-02-28,1772247480000,85
2026-02-28,1772247600000,83
2026-02-28,1772247720000,83
2026-02-28,1772247840000,84
2026-02-28,1772247960000,85
2026-02-28,1772248080000,83
2026-02-28,1772248200000,83
2026-02-28,1772248320000,84
2026-02-28,1772248440000,84
2026-02-28,1772248560000,81
2026-02-28,1772248680000,82
2026-02-28,1772248800000,84
2026-02-28,1772248920000,82
2026-02-28,1772249040000,82
2026-02-28,1772249160000,81
2026-02-28,1772249280000,83
2026-02-28,1772249400000,85
2026-02-28,1772249520000,81
2026-02-28,1772249640000,81
2026-02-28,1772249760000,79
2026-02-28,1772249880000,80
2026-02-28,1772250000000,78
2026-02-28,1772250120000,80
2026-02-28,1772250240000,78
2026-02-28,1772250360000,78
2026-02-28,1772250480000,77
2026-02-28,1772250600000,81
2026-02-28,1772250720000,83
2026-02-28,1772250840000,78
2026-02-28,1772250960000,77
2026-02-28,1772251080000,77
2026-02-28,1772251200000,79
2026-02-28,1772251320000,80
2026-02-28,1772251440000,81
2026-02-28,1772251560000,81
2026-02-28,1772251680000,85
2026-02-28,1772251800000,84
2026-02-28,1772251920000,84
2026-02-28,1772252040000,82
2026-02-28,1772252160000,84
2026-02-28,1772252280000,82
2026-02-28,1772252400000,83
2026-02-28,1772252520000,89
2026-02-28,1772252640000,85
2026-02-28,1772252760000,84
2026-02-28,1772252880000,82
2026-02-28,1772253000000,81
2026-02-28,1772253120000,80
2026-02-28,1772253240000,81
2026-02-28,1772253360000,79
2026-02-28,1772253480000,81
2026-02-28,1772253600000,81
2026-02-28,1772253720000,82
2026-02-28,1772253840000,83
2026-02-28,1772253960000,82
2026-02-28,1772254080000,81
2026-02-28,1772254200000,79
2026-02-28,1772254320000,80
2026-02-28,1772254440000,80
2026-02-28,1772254560000,83
2026-02-28,1772254680000,77
2026-02-28,1772254800000,76
2026-02-28,1772254920000,76
2026-02-28,1772255040000,77
2026-02-28,1772255160000,75
2026-02-28,1772255280000,76
2026-02-28,1772255400000,76
2026-02-28,1772255520000,76
2026-02-28,1772255640000,76
2026-02-28,1772255760000,76
2026-02-28,1772255880000,76
2026-02-28,1772256000000,76
2026-02-28,1772256120000,75
2026-02-28,1772256240000,75
2026-02-28,1772256360000,76
2026-02-28,1772256480000,75
2026-02-28,1772256600000,75
2026-02-28,1772256720000,74
2026-02-28,1772256840000,74
2026-02-28,1772256960000,75
2026-02-28,1772257080000,74
2026-02-28,1772257200000,73
2026-02-28,1772257320000,75
2026-02-28,1772257440000,74
2026-02-28,1772257560000,75
2026-02-28,1772257680000,74
2026-02-28,1772257800000,74
2026-02-28,1772257920000,77
2026-02-28,1772258040000,77
2026-02-28,1772258160000,76
2026-02-28,1772258280000,76
2026-02-28,1772258400000,78
2026-02-28,1772258520000,80
2026-02-28,1772258640000,76
2026-02-28,1772258760000,77
2026-02-28,1772258880000,72
2026-02-28,1772259000000,77
2026-02-28,1772259120000,74
2026-02-28,1772259240000,76
2026-02-28,1772259360000,72
2026-02-28,1772259480000,80
2026-02-28,1772259600000,73
2026-02-28,1772259720000,75
2026-02-28,1772259840000,73
2026-02-28,1772259960000,76
2026-02-28,1772260080000,73
2026-02-28,1772260200000,74
2026-02-28,1772260320000,74
2026-02-28,1772260440000,74
2026-02-28,1772260560000,75
2026-02-28,1772260680000,75
2026-02-28,1772260800000,74
2026-02-28,1772260920000,75
2026-02-28,1772261040000,75
2026-02-28,1772261160000,73
2026-02-28,1772261280000,72
2026-02-28,1772261400000,74
2026-02-28,1772261520000,73
2026-02-28,1772261640000,73
2026-02-28,1772261760000,73
2026-02-28,1772261880000,72
2026-02-28,1772262000000,74
2026-02-28,1772262120000,71
2026-02-28,1772262240000,74
2026-02-28,1772262360000,82
2026-02-28,1772262480000,82
2026-02-28,1772262600000,81
2026-02-28,1772262720000,76
2026-02-28,1772262840000,74
2026-02-28,1772262960000,73
2026-02-28,1772263080000,73
2026-02-28,1772263200000,74
2026-02-28,1772263320000,75
2026-02-28,1772263440000,73
2026-02-28,1772263560000,72
2026-02-28,1772263680000,74
2026-02-28,1772263800000,78
2026-02-28,1772263920000,76
2026-02-28,1772264040000,72
2026-02-28,1772264160000,72
2026-02-28,1772264280000,72
2026-02-28,1772264400000,71
2026-02-28,1772264520000,73
2026-02-28,1772264640000,77
2026-02-28,1772264760000,77
2026-02-28,1772264880000,73
2026-02-28,1772265000000,72
2026-02-28,1772265120000,73
2026-02-28,1772265240000,74
2026-02-28,1772265360000,74
2026-02-28,1772265480000,75
2026-02-28,1772265600000,73
2026-02-28,1772265720000,72
2026-02-28,1772265840000,74
2026-02-28,1772265960000,74
2026-02-28,1772266080000,74
2026-02-28,1772266200000,74
2026-03-01,1772325120000,84
2026-03-01,1772325240000,85
2026-03-01,1772325360000,79
2026-03-01,1772325480000,79
2026-03-01,1772325600000,78
2026-03-01,1772325720000,78
2026-03-01,1772325840000,78
2026-03-01,1772325960000,78
2026-03-01,1772326080000,79
2026-03-01,1772326200000,79
2026-03-01,1772326320000,79
2026-03-01,1772326440000,80
2026-03-01,1772326560000,80
2026-03-01,1772326680000,81
2026-03-01,1772326800000,81
2026-03-01,1772326920000,81
2026-03-01,1772327040000,82
2026-03-01,1772327160000,82
2026-03-01,1772327280000,83
2026-03-01,1772327400000,83
2026-03-01,1772327520000,84
2026-03-01,1772327640000,84
2026-03-01,1772327760000,84
2026-03-01,1772327880000,83
2026-03-01,1772328000000,84
2026-03-01,1772328120000,87
2026-03-01,1772328240000,87
2026-03-01,1772328360000,83
2026-03-01,1772328480000,83
2026-03-01,1772328600000,84
2026-03-01,1772328720000,83
2026-03-01,1772328840000,82
2026-03-01,1772328960000,82
2026-03-01,1772329080000,83
2026-03-01,1772329200000,94
2026-03-01,1772329320000,91
2026-03-01,1772329440000,87
2026-03-01,1772329560000,83
2026-03-01,1772329680000,83
2026-03-01,1772329800000,80
2026-03-01,1772329920000,80
2026-03-01,1772330040000,81
2026-03-01,1772330160000,80
2026-03-01,1772330280000,80
2026-03-01,1772330400000,81
2026-03-01,1772330520000,83
2026-03-01,1772330640000,83
2026-03-01,1772330760000,81
2026-03-01,1772330880000,79
2026-03-01,1772331000000,79
2026-03-01,1772331120000,78
2026-03-01,1772331240000,79
2026-03-01,1772331360000,78
2026-03-01,1772331480000,79
2026-03-01,1772331600000,78
2026-03-01,1772331720000,81
2026-03-01,1772331840000,83
2026-03-01,1772331960000,83
2026-03-01,1772332080000,87
2026-03-01,1772332200000,83
2026-03-01,1772332320000,84
2026-03-01,1772332440000,82
2026-03-01,1772332560000,80
2026-03-01,1772332680000,82
2026-03-01,1772332800000,81
2026-03-01,1772332920000,80
2026-03-01,1772333040000,83
2026-03-01,1772333160000,81
2026-03-01,1772333280000,79
2026-03-01,1772333400000,80
2026-03-01,1772333520000,81
2026-03-01,1772333640000,81
2026-03-01,1772333760000,81
2026-03-01,1772333880000,79
2026-03-01,1772334000000,79
2026-03-01,1772334120000,78
2026-03-01,1772334240000,79
2026-03-01,1772334360000,76
2026-03-01,1772334480000,77
2026-03-01,1772334600000,79
2026-03-01,1772334720000,77
2026-03-01,1772334840000,77
2026-03-01,1772334960000,76
2026-03-01,1772335080000,76
2026-03-01,1772335200000,76
2026-03-01,1772335320000,76
2026-03-01,1772335440000,76
2026-03-01,1772335560000,76
2026-03-01,1772335680000,76
2026-03-01,1772335800000,77
2026-03-01,1772335920000,78
2026-03-01,1772336040000,77
2026-03-01,1772336160000,77
2026-03-01,1772336280000,77
2026-03-01,1772336400000,76
2026-03-01,1772336520000,77
2026-03-01,1772336640000,76
2026-03-01,1772336760000,76
2026-03-01,1772336880000,77
2026-03-01,1772337000000,76
2026-03-01,1772337120000,77
2026-03-01,1772337240000,80
2026-03-01,1772337360000,76
2026-03-01,1772337480000,77
2026-03-01,1772337600000,77
2026-03-01,1772337720000,75
2026-03-01,1772337840000,75
2026-03-01,1772337960000,77
2026-03-01,1772338080000,78
2026-03-01,1772338200000,80
2026-03-01,1772338320000,84
2026-03-01,1772338440000,80
2026-03-01,1772338560000,78
2026-03-01,1772338680000,78
2026-03-01,1772338800000,77
2026-03-01,1772338920000,77
2026-03-01,1772339040000,76
2026-03-01,1772339160000,79
2026-03-01,1772339280000,74
2026-03-01,1772339400000,74
2026-03-01,1772339520000,72
2026-03-01,1772339640000,72
2026-03-01,1772339760000,70
2026-03-01,1772339880000,71
2026-03-01,1772340000000,70
2026-03-01,1772340120000,69
2026-03-01,1772340240000,71
2026-03-01,1772340360000,72
2026-03-01,1772340480000,71
2026-03-01,1772340600000,70
2026-03-01,1772340720000,72
2026-03-01,1772340840000,78
2026-03-01,1772340960000,73
2026-03-01,1772341080000,74
2026-03-01,1772341200000,72
2026-03-01,1772341320000,73
2026-03-01,1772341440000,70
2026-03-01,1772341560000,72
2026-03-01,1772341680000,72
2026-03-01,1772341800000,73
2026-03-01,1772341920000,73
2026-03-01,1772342040000,73
2026-03-01,1772342160000,74
2026-03-01,1772342280000,72
2026-03-01,1772342400000,74
2026-03-01,1772342520000,80
2026-03-01,1772342640000,73
2026-03-01,1772342760000,73
2026-03-01,1772342880000,72
2026-03-01,1772343000000,74
2026-03-01,1772343120000,74
2026-03-01,1772343240000,88
2026-03-01,1772343360000,90
2026-03-01,1772343480000,87
2026-03-01,1772343600000,87
2026-03-01,1772343720000,87
2026-03-01,1772343840000,89
2026-03-01,1772343960000,83
2026-03-01,1772344080000,83
2026-03-01,1772344200000,80
2026-03-01,1772344320000,81
2026-03-01,1772344440000,82
2026-03-01,1772344560000,83
2026-03-01,1772344680000,84
2026-03-01,1772344800000,82
2026-03-01,1772344920000,82
2026-03-01,1772345040000,83
2026-03-01,1772345160000,82
2026-03-01,1772345280000,81
2026-03-01,1772345400000,81
2026-03-01,1772345520000,82
2026-03-01,1772345640000,85
2026-03-01,1772345760000,89
2026-03-01,1772345880000,84
2026-03-01,1772346000000,84
2026-03-01,1772346120000,79
2026-03-01,1772346240000,82
2026-03-01,1772346360000,82
2026-03-01,1772346480000,80
2026-03-01,1772346600000,82
2026-03-01,1772346720000,79
2026-03-01,1772346840000,82
2026-03-01,1772346960000,80
2026-03-01,1772347080000,80
2026-03-01,1772347200000,81
2026-03-01,1772347320000,80
2026-03-01,1772347440000,80
2026-03-01,1772347560000,80
2026-03-01,1772347680000,76
2026-03-01,1772347800000,79
2026-03-01,1772347920000,80
2026-03-01,1772348040000,77
2026-03-01,1772348160000,78
2026-03-01,1772348280000,83
2026-03-01,1772348400000,86
2026-03-01,1772348520000,85
2026-03-01,1772348640000,83
2026-03-01,1772348760000,81
2026-03-01,1772348880000,83
2026-03-01,1772349000000,81
2026-03-01,1772349120000,82
2026-03-01,1772349240000,80
2026-03-01,1772349360000,80
2026-03-01,1772349480000,80
2026-03-01,1772349600000,80
2026-03-01,1772349720000,82
2026-03-01,1772349840000,79
2026-03-01,1772349960000,79
2026-03-01,1772350080000,80
2026-03-01,1772350200000,80
2026-03-01,1772350320000,83
2026-03-01,1772350440000,80
2026-03-01,1772350560000,81
2026-03-01,1772350680000,83
2026-03-01,1772350800000,92
2026-03-01,1772350920000,86
2026-03-01,1772351040000,83
2026-03-01,1772351160000,79
2026-03-01,1772351280000,82
2026-03-01,1772351400000,82
2026-03-01,1772351520000,79
2026-03-01,1772351640000,77
2026-03-01,1772351760000,81
2026-03-01,1772351880000,80
2026-03-01,1772352000000,80
2026-03-01,1772352120000,82
2026-03-01,1772352240000,82
2026-03-01,1772352360000,91
2026-03-01,1772352480000,85
2026-03-01,1772352600000,88
2026-03-01,1772352720000,81
2026-03-01,1772352840000,80
2026-03-01,1772352960000,77
2026-03-01,1772353080000,77
2026-03-01,1772353200000,76
2026-03-01,1772353320000,75
2026-03-01,1772353440000,75
2026-03-01,1772353560000,74
2026-03-01,1772353680000,74
2026-03-01,1772353800000,73
2026-03-01,1772353920000,74
2026-03-01,1772354040000,73
2026-03-01,1772354160000,73
2026-03-01,1772354280000,72
2026-03-01,1772354400000,74
2026-03-01,1772354520000,75
2026-03-01,1772354640000,74
2026-03-01,1772354760000,73
2026-03-01,1772354880000,74
2026-03-01,1772355000000,73
2026-03-01,1772355120000,74
2026-03-01,1772355240000,73
2026-03-01,1772355360000,75
2026-03-01,1772355480000,75
2026-03-01,1772355600000,74
2026-03-01,1772355720000,75
2026-03-01,1772355840000,76
2026-03-01,1772355960000,78
2026-03-01,1772356080000,78
2026-03-01,1772356200000,78
2026-03-01,1772356320000,84
2026-03-02,1772409240000,85
2026-03-02,1772409360000,82
2026-03-02,1772409480000,82
2026-03-02,1772409600000,83
2026-03-02,1772409720000,82
2026-03-02,1772409840000,81
2026-03-02,1772409960000,80
2026-03-02,1772410080000,80
2026-03-02,1772410200000,80
2026-03-02,1772410320000,81
2026-03-02,1772410440000,81
2026-03-02,1772410560000,81
2026-03-02,1772410680000,81
2026-03-02,1772410800000,81
2026-03-02,1772410920000,81
2026-03-02,1772411040000,82
2026-03-02,1772411160000,82
2026-03-02,1772411280000,81
2026-03-02,1772411400000,80
2026-03-02,1772411520000,80
2026-03-02,1772411640000,81
2026-03-02,1772411760000,82
2026-03-02,1772411880000,82
2026-03-02,1772412000000,82
2026-03-02,1772412120000,82
2026-03-02,1772412240000,82
2026-03-02,1772412360000,82
2026-03-02,1772412480000,82
2026-03-02,1772412600000,82
2026-03-02,1772412720000,88
2026-03-02,1772412840000,82
2026-03-02,1772412960000,80
2026-03-02,1772413080000,78
2026-03-02,1772413200000,77
2026-03-02,1772413320000,79
2026-03-02,1772413440000,79
2026-03-02,1772413560000,82
2026-03-02,1772413680000,77
2026-03-02,1772413800000,81
2026-03-02,1772413920000,79
2026-03-02,1772414040000,82
2026-03-02,1772414160000,79
2026-03-02,1772414280000,79
2026-03-02,1772414400000,80
2026-03-02,1772414520000,79
2026-03-02,1772414640000,78
2026-03-02,1772414760000,77
2026-03-02,1772414880000,77
2026-03-02,1772415000000,77
2026-03-02,1772415120000,77
2026-03-02,1772415240000,79
2026-03-02,1772415360000,79
2026-03-02,1772415480000,81
2026-03-02,1772415600000,78
2026-03-02,1772415720000,76
2026-03-02,1772415840000,77
2026-03-02,1772415960000,75
2026-03-02,1772416080000,74
2026-03-02,1772416200000,75
2026-03-02,1772416320000,74
2026-03-02,1772416440000,74
2026-03-02,1772416560000,74
2026-03-02,1772416680000,74
2026-03-02,1772416800000,75
2026-03-02,1772416920000,75
2026-03-02,1772417040000,78
2026-03-02,1772417160000,77
2026-03-02,1772417280000,85
2026-03-02,1772417400000,80
2026-03-02,1772417520000,85
2026-03-02,1772417640000,83
2026-03-02,1772417760000,81
2026-03-02,1772417880000,82
2026-03-02,1772418000000,82
2026-03-02,1772418120000,82
2026-03-02,1772418240000,83
2026-03-02,1772418360000,81
2026-03-02,1772418480000,79
2026-03-02,1772418600000,78
2026-03-02,1772418720000,80
2026-03-02,1772418840000,78
2026-03-02,1772418960000,78
2026-03-02,1772419080000,78
2026-03-02,1772419200000,77
2026-03-02,1772419320000,77
2026-03-02,1772419440000,76
2026-03-02,1772419560000,76
2026-03-02,1772419680000,77
2026-03-02,1772419800000,77
2026-03-02,1772419920000,81
2026-03-02,1772420040000,80
2026-03-02,1772420160000,74
2026-03-02,1772420280000,73
2026-03-02,1772420400000,72
2026-03-02,1772420520000,71
2026-03-02,1772420640000,72
2026-03-02,1772420760000,72
2026-03-02,1772420880000,71
2026-03-02,1772421000000,72
2026-03-02,1772421120000,72
2026-03-02,1772421240000,71
2026-03-02,1772421360000,72
2026-03-02,1772421480000,72
2026-03-02,1772421600000,72
2026-03-02,1772421720000,72
2026-03-02,1772421840000,72
2026-03-02,1772421960000,73
2026-03-02,1772422080000,73
2026-03-02,1772422200000,73
2026-03-02,1772422320000,73
2026-03-02,1772422440000,73
2026-03-02,1772422560000,72
2026-03-02,1772422680000,72
2026-03-02,1772422800000,73
2026-03-02,1772422920000,73
2026-03-02,1772423040000,72
2026-03-02,1772423160000,72
2026-03-02,1772423280000,72
2026-03-02,1772423400000,73
2026-03-02,1772423520000,72
2026-03-02,1772423640000,72
2026-03-02,1772423760000,73
2026-03-02,1772423880000,72
2026-03-02,1772424000000,72
2026-03-02,1772424120000,74
2026-03-02,1772424240000,74
2026-03-02,1772424360000,72
2026-03-02,1772424480000,73
2026-03-02,1772424600000,81
2026-03-02,1772424720000,77
2026-03-02,1772424840000,76
2026-03-02,1772424960000,80
2026-03-02,1772425080000,74
2026-03-02,1772425200000,72
2026-03-02,1772425320000,71
2026-03-02,1772425440000,70
2026-03-02,1772425560000,69
2026-03-02,1772425680000,69
2026-03-02,1772425800000,71
2026-03-02,1772425920000,70
2026-03-02,1772426040000,71
2026-03-02,1772426160000,70
2026-03-02,1772426280000,70
2026-03-02,1772426400000,71
2026-03-02,1772426520000,71
2026-03-02,1772426640000,71
2026-03-02,1772426760000,71
2026-03-02,1772426880000,72
2026-03-02,1772427000000,71
2026-03-02,1772427120000,71
2026-03-02,1772427240000,72
2026-03-02,1772427360000,71
2026-03-02,1772427480000,71
2026-03-02,1772427600000,71
2026-03-02,1772427720000,72
2026-03-02,1772427840000,70
2026-03-02,1772427960000,72
2026-03-02,1772428080000,73
2026-03-02,1772428200000,70
2026-03-02,1772428320000,76
2026-03-02,1772428440000,73
2026-03-02,1772428560000,82
2026-03-02,1772428680000,74
2026-03-02,1772428800000,74
2026-03-02,1772428920000,75
2026-03-02,1772429040000,79
2026-03-02,1772429160000,83
2026-03-02,1772429280000,82
2026-03-02,1772429400000,83
2026-03-02,1772429520000,77
2026-03-02,1772429640000,75
2026-03-02,1772429760000,72
2026-03-02,1772429880000,72
2026-03-02,1772430000000,72
2026-03-02,1772430120000,72
2026-03-02,1772430240000,74
2026-03-02,1772430360000,72
2026-03-02,1772430480000,73
2026-03-02,1772430600000,74
2026-03-02,1772430720000,72
2026-03-02,1772430840000,74
2026-03-02,1772430960000,74
2026-03-02,1772431080000,74
2026-03-02,1772431200000,74
2026-03-02,1772431320000,72
2026-03-02,1772431440000,72
2026-03-02,1772431560000,72
2026-03-02,1772431680000,72
2026-03-02,1772431800000,72
2026-03-02,1772431920000,71
2026-03-02,1772432040000,72
2026-03-02,1772432160000,71
2026-03-02,1772432280000,72
2026-03-02,1772432400000,70
2026-03-02,1772432520000,71
2026-03-02,1772432640000,70
2026-03-02,1772432760000,71
2026-03-02,1772432880000,71
2026-03-02,1772433000000,74
2026-03-02,1772433120000,77
2026-03-02,1772433240000,70
2026-03-02,1772433360000,68
2026-03-02,1772433480000,69
2026-03-02,1772433600000,69
2026-03-02,1772433720000,83
2026-03-02,1772433840000,84
2026-03-02,1772433960000,80
2026-03-02,1772434080000,81
2026-03-02,1772434200000,82
2026-03-02,1772434320000,77
2026-03-02,1772434440000,77
2026-03-02,1772434560000,80
2026-03-02,1772434680000,83
2026-03-02,1772434800000,80
2026-03-02,1772434920000,79
2026-03-02,1772435040000,81
2026-03-02,1772435160000,84
2026-03-02,1772435280000,80
2026-03-02,1772435400000,79
2026-03-02,1772435520000,78
2026-03-02,1772435640000,81
2026-03-02,1772435760000,85
2026-03-02,1772435880000,82
2026-03-02,1772436000000,79
2026-03-02,1772436120000,85
2026-03-02,1772436240000,79
